rosbagTimestamp,header,seq,stamp,secs,nsecs,frame_id,velocity,layout,dim,data_offset,data
1582762460672294266,,17,,0,0,'',,,[],0,"[0.0, 0.0, 0.0]"
1582762460682446746,,18,,0,0,'',,,[],0,"[0.0, 0.0, 0.0]"
1582762460692667900,,19,,0,0,'',,,[],0,"[0.0, 0.0, 0.0]"
1582762460702777473,,20,,0,0,'',,,[],0,"[0.0, 0.0, 0.0]"
1582762460712896920,,21,,0,0,'',,,[],0,"[0.0, 0.0, 0.0]"
1582762460722959056,,22,,0,0,'',,,[],0,"[0.0, 0.0, 0.0]"
1582762460733131100,,23,,0,0,'',,,[],0,"[0.0, 0.0, 0.0]"
1582762460743267031,,24,,0,0,'',,,[],0,"[0.0, 0.0, 0.0]"
1582762460753374672,,25,,0,0,'',,,[],0,"[0.0, 0.0, 0.0]"
1582762460763420303,,26,,0,0,'',,,[],0,"[0.0, 0.0, 0.0]"
1582762460773680155,,27,,0,0,'',,,[],0,"[0.0, 0.0, 0.0]"
1582762460783715646,,28,,0,0,'',,,[],0,"[0.0, 0.0, 0.0]"
1582762460793998573,,29,,0,0,'',,,[],0,"[0.0, 0.0, 0.0]"
1582762460804027038,,30,,0,0,'',,,[],0,"[0.0, 0.0, 0.0]"
1582762460814241456,,31,,0,0,'',,,[],0,"[0.0, 0.0, 0.0]"
1582762460824284412,,32,,0,0,'',,,[],0,"[0.0, 0.0, 0.0]"
1582762460834366790,,33,,0,0,'',,,[],0,"[0.0, 0.0, 0.0]"
1582762460844738567,,34,,0,0,'',,,[],0,"[0.0, 0.0, 0.0]"
1582762460854691279,,35,,0,0,'',,,[],0,"[0.0, 0.0, 0.0]"
1582762460864726609,,36,,0,0,'',,,[],0,"[0.0, 0.0, 0.0]"
1582762460874805073,,37,,0,0,'',,,[],0,"[0.0, 0.0, 0.0]"
1582762460884924766,,38,,0,0,'',,,[],0,"[0.0, 0.0, 0.0]"
1582762460895087280,,39,,0,0,'',,,[],0,"[0.0, 0.0, 0.0]"
1582762460905252892,,40,,0,0,'',,,[],0,"[0.0, 0.0, 0.0]"
1582762460915335254,,41,,0,0,'',,,[],0,"[0.0, 0.0, 0.0]"
1582762460925432998,,42,,0,0,'',,,[],0,"[0.0, 0.0, 0.0]"
1582762460935597469,,43,,0,0,'',,,[],0,"[0.0, 0.0, 0.0]"
1582762460945697361,,44,,0,0,'',,,[],0,"[0.0, 0.0, 0.0]"
1582762460955873069,,45,,0,0,'',,,[],0,"[0.0, 0.0, 0.0]"
1582762460965915100,,46,,0,0,'',,,[],0,"[0.0, 0.0, 0.0]"
1582762460976012228,,47,,0,0,'',,,[],0,"[0.0, 0.0, 0.0]"
1582762460986108959,,48,,0,0,'',,,[],0,"[0.0, 0.0, 0.0]"
1582762460996284087,,49,,0,0,'',,,[],0,"[0.0, 0.0, 0.0]"
1582762461006437365,,50,,0,0,'',,,[],0,"[0.0, 0.0, 0.0]"
1582762461016672106,,51,,0,0,'',,,[],0,"[0.0, 0.0, 0.0]"
1582762461027128905,,52,,0,0,'',,,[],0,"[0.0, 0.0, 0.0]"
1582762461036856960,,53,,0,0,'',,,[],0,"[0.0, 0.0, 0.0]"
1582762461046978167,,54,,0,0,'',,,[],0,"[0.0, 0.0, 0.0]"
1582762461057123384,,55,,0,0,'',,,[],0,"[0.0, 0.0, 0.0]"
1582762461067293448,,56,,0,0,'',,,[],0,"[0.0, 0.0, 0.0]"
1582762461077345089,,57,,0,0,'',,,[],0,"[0.0, 0.0, 0.0]"
1582762461087415394,,58,,0,0,'',,,[],0,"[0.0, 0.0, 0.0]"
1582762461097531745,,59,,0,0,'',,,[],0,"[0.0, 0.0, 0.0]"
1582762461107624158,,60,,0,0,'',,,[],0,"[0.0, 0.0, 0.0]"
1582762461117728063,,61,,0,0,'',,,[],0,"[0.0, 0.0, 0.0]"
1582762461127857213,,62,,0,0,'',,,[],0,"[0.0, 0.0, 0.0]"
1582762461137927724,,63,,0,0,'',,,[],0,"[0.0, 0.0, 0.0]"
1582762461148230317,,64,,0,0,'',,,[],0,"[0.0, 0.0, 0.0]"
1582762461158239935,,65,,0,0,'',,,[],0,"[0.0, 0.0, 0.0]"
1582762461168523725,,66,,0,0,'',,,[],0,"[0.0, 0.0, 0.0]"
1582762461178640974,,67,,0,0,'',,,[],0,"[0.0, 0.0, 0.0]"
1582762461188733357,,68,,0,0,'',,,[],0,"[0.0, 0.0, 0.0]"
1582762461198901237,,69,,0,0,'',,,[],0,"[0.0, 0.0, 0.0]"
1582762461208988886,,70,,0,0,'',,,[],0,"[0.0, 0.0, 0.0]"
1582762461219390226,,71,,0,0,'',,,[],0,"[0.0, 0.0, 0.0]"
1582762461229448375,,72,,0,0,'',,,[],0,"[0.0, 0.0, 0.0]"
1582762461239406458,,73,,0,0,'',,,[],0,"[0.0, 0.0, 0.0]"
1582762461249436764,,74,,0,0,'',,,[],0,"[0.0, 0.0, 0.0]"
1582762461259896869,,75,,0,0,'',,,[],0,"[0.0, 0.0, 0.0]"
1582762461270238270,,76,,0,0,'',,,[],0,"[0.0, 0.0, 0.0]"
1582762461280559073,,77,,0,0,'',,,[],0,"[0.0, 0.0, 0.0]"
1582762461290139240,,78,,0,0,'',,,[],0,"[0.0, 0.0, 0.0]"
1582762461300258722,,79,,0,0,'',,,[],0,"[0.0, 0.0, 0.0]"
1582762461310381624,,80,,0,0,'',,,[],0,"[0.0, 0.0, 0.0]"
1582762461321335163,,81,,0,0,'',,,[],0,"[0.0, 0.0, 0.0]"
1582762461330901031,,82,,0,0,'',,,[],0,"[0.0, 0.0, 0.0]"
1582762461340942615,,83,,0,0,'',,,[],0,"[0.0, 0.0, 0.0]"
1582762461351154276,,84,,0,0,'',,,[],0,"[0.0, 0.0, 0.0]"
1582762461361080836,,85,,0,0,'',,,[],0,"[0.0, 0.0, 0.0]"
1582762461371454427,,86,,0,0,'',,,[],0,"[0.0, 0.0, 0.0]"
1582762461381453692,,87,,0,0,'',,,[],0,"[0.0, 0.0, 0.0]"
1582762461391538213,,88,,0,0,'',,,[],0,"[0.0, 0.0, 0.0]"
1582762461401510004,,89,,0,0,'',,,[],0,"[0.0, 0.0, 0.0]"
1582762461411581184,,90,,0,0,'',,,[],0,"[0.0, 0.0, 0.0]"
1582762461422020901,,91,,0,0,'',,,[],0,"[0.0, 0.0, 0.0]"
1582762461432115201,,92,,0,0,'',,,[],0,"[0.0, 0.0, 0.0]"
1582762461442042097,,93,,0,0,'',,,[],0,"[0.0, 0.0, 0.0]"
1582762461452298973,,94,,0,0,'',,,[],0,"[0.0, 0.0, 0.0]"
1582762461462248516,,95,,0,0,'',,,[],0,"[0.0, 0.0, 0.0]"
1582762461472297466,,96,,0,0,'',,,[],0,"[0.0, 0.0, 0.0]"
1582762461482408632,,97,,0,0,'',,,[],0,"[0.0, 0.0, 0.0]"
1582762461492510414,,98,,0,0,'',,,[],0,"[0.0, 0.0, 0.0]"
1582762461502762825,,99,,0,0,'',,,[],0,"[0.0, 0.0, 0.0]"
1582762461512832677,,100,,0,0,'',,,[],0,"[0.0, 0.0, 0.0]"
1582762461522877888,,101,,0,0,'',,,[],0,"[0.0, 0.0, 0.0]"
1582762461532965279,,102,,0,0,'',,,[],0,"[0.0, 0.0, 0.0]"
1582762461543098828,,103,,0,0,'',,,[],0,"[0.0, 0.0, 0.0]"
1582762461553194589,,104,,0,0,'',,,[],0,"[0.0, 0.0, 0.0]"
1582762461563365617,,105,,0,0,'',,,[],0,"[0.0, 0.0, 0.0]"
1582762461573421196,,106,,0,0,'',,,[],0,"[0.0, 0.0, 0.0]"
1582762461583667798,,107,,0,0,'',,,[],0,"[0.0, 0.0, 0.0]"
1582762461593787079,,108,,0,0,'',,,[],0,"[0.0, 0.0, 0.0]"
1582762461603782571,,109,,0,0,'',,,[],0,"[0.0, 0.0, 0.0]"
1582762461613932932,,110,,0,0,'',,,[],0,"[0.0, 0.0, 0.0]"
1582762461623964572,,111,,0,0,'',,,[],0,"[0.0, 0.0, 0.0]"
1582762461634067099,,112,,0,0,'',,,[],0,"[0.0, 0.0, 0.0]"
1582762461644243739,,113,,0,0,'',,,[],0,"[0.0, 0.0, 0.0]"
1582762461654438860,,114,,0,0,'',,,[],0,"[0.0, 0.0, 0.0]"
1582762461664655450,,115,,0,0,'',,,[],0,"[0.0, 0.0, 0.0]"
1582762461674621869,,116,,0,0,'',,,[],0,"[0.0, 0.0, 0.0]"
1582762461684781570,,117,,0,0,'',,,[],0,"[0.0, 0.0, 0.0]"
1582762461694988426,,118,,0,0,'',,,[],0,"[0.0, 0.0, 0.0]"
1582762461704965725,,119,,0,0,'',,,[],0,"[0.0, 0.0, 0.0]"
1582762461715235912,,120,,0,0,'',,,[],0,"[0.0, 0.0, 0.0]"
1582762461725258318,,121,,0,0,'',,,[],0,"[0.0, 0.0, 0.0]"
1582762461735284817,,122,,0,0,'',,,[],0,"[0.0, 0.0, 0.0]"
1582762461745484830,,123,,0,0,'',,,[],0,"[0.0, 0.0, 0.0]"
1582762461755645979,,124,,0,0,'',,,[],0,"[0.0, 0.0, 0.0]"
1582762461765796788,,125,,0,0,'',,,[],0,"[0.0, 0.0, 0.0]"
1582762461775891351,,126,,0,0,'',,,[],0,"[0.0, 0.0, 0.0]"
1582762461785918052,,127,,0,0,'',,,[],0,"[0.0, 0.0, 0.0]"
1582762461796074794,,128,,0,0,'',,,[],0,"[0.0, 0.0, 0.0]"
1582762461806251372,,129,,0,0,'',,,[],0,"[0.0, 0.0, 0.0]"
1582762461816471489,,130,,0,0,'',,,[],0,"[0.0, 0.0, 0.0]"
1582762461826443163,,131,,0,0,'',,,[],0,"[0.0, 0.0, 0.0]"
1582762461836504704,,132,,0,0,'',,,[],0,"[0.0, 0.0, 0.0]"
1582762461846631289,,133,,0,0,'',,,[],0,"[0.0, 0.0, 0.0]"
1582762461856825258,,134,,0,0,'',,,[],0,"[0.0, 0.0, 0.0]"
1582762461866977854,,135,,0,0,'',,,[],0,"[0.0, 0.0, 0.0]"
1582762461877050151,,136,,0,0,'',,,[],0,"[0.0, 0.0, 0.0]"
1582762461887073512,,137,,0,0,'',,,[],0,"[0.0, 0.0, 0.0]"
1582762461897240083,,138,,0,0,'',,,[],0,"[0.0, 0.0, 0.0]"
1582762461907466473,,139,,0,0,'',,,[],0,"[0.0, 0.0, 0.0]"
1582762461917578643,,140,,0,0,'',,,[],0,"[0.0, 0.0, 0.0]"
1582762461927629358,,141,,0,0,'',,,[],0,"[0.0, 0.0, 0.0]"
1582762461937709815,,142,,0,0,'',,,[],0,"[0.0, 0.0, 0.0]"
1582762461947756655,,143,,0,0,'',,,[],0,"[0.0, 0.0, 0.0]"
1582762461957888660,,144,,0,0,'',,,[],0,"[0.0, 0.0, 0.0]"
1582762461967986393,,145,,0,0,'',,,[],0,"[0.0, 0.0, 0.0]"
1582762461978050879,,146,,0,0,'',,,[],0,"[0.0, 0.0, 0.0]"
1582762461988435717,,147,,0,0,'',,,[],0,"[0.0, 0.0, 0.0]"
1582762461998657027,,148,,0,0,'',,,[],0,"[0.0, 0.0, 0.0]"
1582762462008644692,,149,,0,0,'',,,[],0,"[0.0, 0.0, 0.0]"
1582762462018771361,,150,,0,0,'',,,[],0,"[0.0, 0.0, 0.0]"
1582762462028880204,,151,,0,0,'',,,[],0,"[0.0, 0.0, 0.0]"
1582762462038944236,,152,,0,0,'',,,[],0,"[0.0, 0.0, 0.0]"
1582762462049111089,,153,,0,0,'',,,[],0,"[0.0, 0.0, 0.0]"
1582762462059166988,,154,,0,0,'',,,[],0,"[0.0, 0.0, 0.0]"
1582762462069390195,,155,,0,0,'',,,[],0,"[0.0, 0.0, 0.0]"
1582762462079459816,,156,,0,0,'',,,[],0,"[0.0, 0.0, 0.0]"
1582762462089621832,,157,,0,0,'',,,[],0,"[0.0, 0.0, 0.0]"
1582762462099844602,,158,,0,0,'',,,[],0,"[0.0, 0.0, 0.0]"
1582762462109957846,,159,,0,0,'',,,[],0,"[0.0, 0.0, 0.0]"
1582762462120080411,,160,,0,0,'',,,[],0,"[0.0, 0.0, 0.0]"
1582762462130073074,,161,,0,0,'',,,[],0,"[0.0, 0.0, 0.0]"
1582762462140193467,,162,,0,0,'',,,[],0,"[0.0, 0.0, 0.0]"
1582762462150285433,,163,,0,0,'',,,[],0,"[0.0, 0.0, 0.0]"
1582762462160379985,,164,,0,0,'',,,[],0,"[0.0, 0.0, 0.0]"
1582762462170930893,,165,,0,0,'',,,[],0,"[0.0, 0.0, 0.0]"
1582762462180897061,,166,,0,0,'',,,[],0,"[0.0, 0.0, 0.0]"
1582762462190892669,,167,,0,0,'',,,[],0,"[0.0, 0.0, 0.0]"
1582762462200970702,,168,,0,0,'',,,[],0,"[0.0, 0.0, 0.0]"
1582762462211089736,,169,,0,0,'',,,[],0,"[0.0, 0.0, 0.0]"
1582762462221211241,,170,,0,0,'',,,[],0,"[0.0, 0.0, 0.0]"
1582762462231507472,,171,,0,0,'',,,[],0,"[0.0, 0.0, 0.0]"
1582762462241539393,,172,,0,0,'',,,[],0,"[0.0, 0.0, 0.0]"
1582762462251698857,,173,,0,0,'',,,[],0,"[0.0, 0.0, 0.0]"
1582762462261792226,,174,,0,0,'',,,[],0,"[0.0, 0.0, 0.0]"
1582762462272052747,,175,,0,0,'',,,[],0,"[0.0, 0.0, 0.0]"
1582762462282127497,,176,,0,0,'',,,[],0,"[0.0, 0.0, 0.0]"
1582762462292188678,,177,,0,0,'',,,[],0,"[0.0, 0.0, 0.0]"
1582762462302283816,,178,,0,0,'',,,[],0,"[0.0, 0.0, 0.0]"
1582762462312429408,,179,,0,0,'',,,[],0,"[0.0, 0.0, 0.0]"
1582762462322509467,,180,,0,0,'',,,[],0,"[0.0, 0.0, 0.0]"
1582762462332934259,,181,,0,0,'',,,[],0,"[0.0, 0.0, 0.0]"
1582762462342832623,,182,,0,0,'',,,[],0,"[0.0, 0.0, 0.0]"
1582762462353049754,,183,,0,0,'',,,[],0,"[0.0, 0.0, 0.0]"
1582762462363071392,,184,,0,0,'',,,[],0,"[0.0, 0.0, 0.0]"
1582762462373203076,,185,,0,0,'',,,[],0,"[0.0, 0.0, 0.0]"
1582762462383355702,,186,,0,0,'',,,[],0,"[0.0, 0.0, 0.0]"
1582762462393418625,,187,,0,0,'',,,[],0,"[0.0, 0.0, 0.0]"
1582762462403707381,,188,,0,0,'',,,[],0,"[0.0, 0.0, 0.0]"
1582762462413989225,,189,,0,0,'',,,[],0,"[0.0, 0.0, 0.0]"
1582762462424199888,,190,,0,0,'',,,[],0,"[0.0, 0.0, 0.0]"
1582762462434284668,,191,,0,0,'',,,[],0,"[0.0, 0.0, 0.0]"
1582762462444270759,,192,,0,0,'',,,[],0,"[0.0, 0.0, 0.0]"
1582762462454441659,,193,,0,0,'',,,[],0,"[0.0, 0.0, 0.0]"
1582762462464659400,,194,,0,0,'',,,[],0,"[0.0, 0.0, 0.0]"
1582762462474692883,,195,,0,0,'',,,[],0,"[0.0, 0.0, 0.0]"
1582762462484853765,,196,,0,0,'',,,[],0,"[0.0, 0.0, 0.0]"
1582762462494960951,,197,,0,0,'',,,[],0,"[0.0, 0.0, 0.0]"
1582762462505008332,,198,,0,0,'',,,[],0,"[0.0, 0.0, 0.0]"
1582762462515270618,,199,,0,0,'',,,[],0,"[0.0, 0.0, 0.0]"
1582762462525371117,,200,,0,0,'',,,[],0,"[0.0, 0.0, 0.0]"
1582762462535394060,,201,,0,0,'',,,[],0,"[0.0, 0.0, 0.0]"
1582762462545484505,,202,,0,0,'',,,[],0,"[0.0, 0.0, 0.0]"
1582762462555714195,,203,,0,0,'',,,[],0,"[0.0, 0.0, 0.0]"
1582762462565819351,,204,,0,0,'',,,[],0,"[0.0, 0.0, 0.0]"
1582762462575864767,,205,,0,0,'',,,[],0,"[0.0, 0.0, 0.0]"
1582762462585965669,,206,,0,0,'',,,[],0,"[0.0, 0.0, 0.0]"
1582762462596107036,,207,,0,0,'',,,[],0,"[0.0, 0.0, 0.0]"
1582762462606282801,,208,,0,0,'',,,[],0,"[0.0, 0.0, 0.0]"
1582762462616816919,,209,,0,0,'',,,[],0,"[0.0, 0.0, 0.0]"
1582762462626752385,,210,,0,0,'',,,[],0,"[0.0, 0.0, 0.0]"
1582762462636898331,,211,,0,0,'',,,[],0,"[0.0, 0.0, 0.0]"
1582762462647183119,,212,,0,0,'',,,[],0,"[0.0, 0.0, 0.0]"
1582762462657258097,,213,,0,0,'',,,[],0,"[0.0, 0.0, 0.0]"
1582762462667456144,,214,,0,0,'',,,[],0,"[0.0, 0.0, 0.0]"
1582762462677433096,,215,,0,0,'',,,[],0,"[0.0, 0.0, 0.0]"
1582762462687614972,,216,,0,0,'',,,[],0,"[0.0, 0.0, 0.0]"
1582762462697789880,,217,,0,0,'',,,[],0,"[0.0, 0.0, 0.0]"
1582762462707952914,,218,,0,0,'',,,[],0,"[0.0, 0.0, 0.0]"
1582762462718068450,,219,,0,0,'',,,[],0,"[0.0, 0.0, 0.0]"
1582762462728084610,,220,,0,0,'',,,[],0,"[0.0, 0.0, 0.0]"
1582762462738303796,,221,,0,0,'',,,[],0,"[0.0, 0.0, 0.0]"
1582762462748291366,,222,,0,0,'',,,[],0,"[0.0, 0.0, 0.0]"
1582762462758455401,,223,,0,0,'',,,[],0,"[0.0, 0.0, 0.0]"
1582762462768689323,,224,,0,0,'',,,[],0,"[0.0, 0.0, 0.0]"
1582762462778759065,,225,,0,0,'',,,[],0,"[0.0, 0.0, 0.0]"
1582762462789084360,,226,,0,0,'',,,[],0,"[0.0, 0.0, 0.0]"
1582762462799065499,,227,,0,0,'',,,[],0,"[0.0, 0.0, 0.0]"
1582762462809099342,,228,,0,0,'',,,[],0,"[0.0, 0.0, 0.0]"
1582762462819371162,,229,,0,0,'',,,[],0,"[0.0, 0.0, 0.0]"
1582762462829451895,,230,,0,0,'',,,[],0,"[0.0, 0.0, 0.0]"
1582762462839651319,,231,,0,0,'',,,[],0,"[0.0, 0.0, 0.0]"
1582762462849917276,,232,,0,0,'',,,[],0,"[0.0, 0.0, 0.0]"
1582762462859957499,,233,,0,0,'',,,[],0,"[0.0, 0.0, 0.0]"
1582762462870016925,,234,,0,0,'',,,[],0,"[0.0, 0.0, 0.0]"
1582762462880073857,,235,,0,0,'',,,[],0,"[0.0, 0.0, 0.0]"
1582762462890333528,,236,,0,0,'',,,[],0,"[0.0, 0.0, 0.0]"
1582762462900461383,,237,,0,0,'',,,[],0,"[0.0, 0.0, 0.0]"
1582762462910531613,,238,,0,0,'',,,[],0,"[0.0, 0.0, 0.0]"
1582762462920712058,,239,,0,0,'',,,[],0,"[0.0, 0.0, 0.0]"
1582762462930895027,,240,,0,0,'',,,[],0,"[0.0, 0.0, 0.0]"
1582762462940998684,,241,,0,0,'',,,[],0,"[0.0, 0.0, 0.0]"
1582762462951102860,,242,,0,0,'',,,[],0,"[0.0, 0.0, 0.0]"
1582762462961146685,,243,,0,0,'',,,[],0,"[0.0, 0.0, 0.0]"
1582762462971208263,,244,,0,0,'',,,[],0,"[0.0, 0.0, 0.0]"
1582762462981349059,,245,,0,0,'',,,[],0,"[0.0, 0.0, 0.0]"
1582762462991552840,,246,,0,0,'',,,[],0,"[0.0, 0.0, 0.0]"
1582762463001720456,,247,,0,0,'',,,[],0,"[0.0, 0.0, 0.0]"
1582762463011726542,,248,,0,0,'',,,[],0,"[0.0, 0.0, 0.0]"
1582762463021912579,,249,,0,0,'',,,[],0,"[0.0, 0.0, 0.0]"
1582762463032114868,,250,,0,0,'',,,[],0,"[0.0, 0.0, 0.0]"
1582762463042272642,,251,,0,0,'',,,[],0,"[0.0, 0.0, 0.0]"
1582762463052223595,,252,,0,0,'',,,[],0,"[0.0, 0.0, 0.0]"
1582762463062409715,,253,,0,0,'',,,[],0,"[0.0, 0.0, 0.0]"
1582762463072500994,,254,,0,0,'',,,[],0,"[0.0, 0.0, 0.0]"
1582762463082817100,,255,,0,0,'',,,[],0,"[0.0, 0.0, 0.0]"
1582762463092858763,,256,,0,0,'',,,[],0,"[0.0, 0.0, 0.0]"
1582762463102991870,,257,,0,0,'',,,[],0,"[0.0, 0.0, 0.0]"
1582762463113018544,,258,,0,0,'',,,[],0,"[0.0, 0.0, 0.0]"
1582762463123251111,,259,,0,0,'',,,[],0,"[0.0, 0.0, 0.0]"
1582762463133357153,,260,,0,0,'',,,[],0,"[0.0, 0.0, 0.0]"
1582762463143399589,,261,,0,0,'',,,[],0,"[0.0, 0.0, 0.0]"
1582762463153606596,,262,,0,0,'',,,[],0,"[0.0, 0.0, 0.0]"
1582762463163801840,,263,,0,0,'',,,[],0,"[0.0, 0.0, 0.0]"
1582762463173850941,,264,,0,0,'',,,[],0,"[0.0, 0.0, 0.0]"
1582762463184122342,,265,,0,0,'',,,[],0,"[0.0, 0.0, 0.0]"
1582762463194171688,,266,,0,0,'',,,[],0,"[0.0, 0.0, 0.0]"
1582762463204215206,,267,,0,0,'',,,[],0,"[0.0, 0.0, 0.0]"
1582762463214470349,,268,,0,0,'',,,[],0,"[0.0, 0.0, 0.0]"
1582762463224678094,,269,,0,0,'',,,[],0,"[0.0, 0.0, 0.0]"
1582762463235240168,,270,,0,0,'',,,[],0,"[0.0, 0.0, 0.0]"
1582762463244997288,,271,,0,0,'',,,[],0,"[0.0, 0.0, 0.0]"
1582762463255031406,,272,,0,0,'',,,[],0,"[0.0, 0.0, 0.0]"
1582762463265372327,,273,,0,0,'',,,[],0,"[0.0, 0.0, 0.0]"
1582762463275695743,,274,,0,0,'',,,[],0,"[0.0, 0.0, 0.0]"
1582762463285679167,,275,,0,0,'',,,[],0,"[0.0, 0.0, 0.0]"
1582762463295766593,,276,,0,0,'',,,[],0,"[0.0, 0.0, 0.0]"
1582762463305994280,,277,,0,0,'',,,[],0,"[0.0, 0.0, 0.0]"
1582762463315960169,,278,,0,0,'',,,[],0,"[0.0, 0.0, 0.0]"
1582762463326039119,,279,,0,0,'',,,[],0,"[0.0, 0.0, 0.0]"
1582762463336691143,,280,,0,0,'',,,[],0,"[0.0, 0.0, 0.0]"
1582762463346642013,,281,,0,0,'',,,[],0,"[0.0, 0.0, 0.0]"
1582762463356590803,,282,,0,0,'',,,[],0,"[0.0, 0.0, 0.0]"
1582762463366703938,,283,,0,0,'',,,[],0,"[0.0, 0.0, 0.0]"
1582762463376978190,,284,,0,0,'',,,[],0,"[0.0, 0.0, 0.0]"
1582762463386995678,,285,,0,0,'',,,[],0,"[0.0, 0.0, 0.0]"
1582762463397136756,,286,,0,0,'',,,[],0,"[0.0, 0.0, 0.0]"
1582762463407368785,,287,,0,0,'',,,[],0,"[0.0, 0.0, 0.0]"
1582762463417397904,,288,,0,0,'',,,[],0,"[0.0, 0.0, 0.0]"
1582762463427699084,,289,,0,0,'',,,[],0,"[0.0, 0.0, 0.0]"
1582762463437806632,,290,,0,0,'',,,[],0,"[0.0, 0.0, 0.0]"
1582762463447883863,,291,,0,0,'',,,[],0,"[0.0, 0.0, 0.0]"
1582762463458086237,,292,,0,0,'',,,[],0,"[0.0, 0.0, 0.0]"
1582762463468548882,,293,,0,0,'',,,[],0,"[0.0, 0.0, 0.0]"
1582762463478457099,,294,,0,0,'',,,[],0,"[0.0, 0.0, 0.0]"
1582762463488751982,,295,,0,0,'',,,[],0,"[0.0, 0.0, 0.0]"
1582762463498676297,,296,,0,0,'',,,[],0,"[0.0, 0.0, 0.0]"
1582762463509033279,,297,,0,0,'',,,[],0,"[0.0, 0.0, 0.0]"
1582762463519106190,,298,,0,0,'',,,[],0,"[0.0, 0.0, 0.0]"
1582762463529164010,,299,,0,0,'',,,[],0,"[0.0, 0.0, 0.0]"
1582762463539226924,,300,,0,0,'',,,[],0,"[0.0, 0.0, 0.0]"
1582762463549506436,,301,,0,0,'',,,[],0,"[0.0, 0.0, 0.0]"
1582762463559689445,,302,,0,0,'',,,[],0,"[0.0, 0.0, 0.0]"
1582762463569792672,,303,,0,0,'',,,[],0,"[0.0, 0.0, 0.0]"
1582762463579793122,,304,,0,0,'',,,[],0,"[0.0, 0.0, 0.0]"
1582762463589960177,,305,,0,0,'',,,[],0,"[0.0, 0.0, 0.0]"
1582762463600643665,,306,,0,0,'',,,[],0,"[0.0, 0.0, 0.0]"
1582762463610476705,,307,,0,0,'',,,[],0,"[0.0, 0.0, 0.0]"
1582762463620449337,,308,,0,0,'',,,[],0,"[0.0, 0.0, 0.0]"
1582762463630542579,,309,,0,0,'',,,[],0,"[0.0, 0.0, 0.0]"
1582762463640770064,,310,,0,0,'',,,[],0,"[0.0, 0.0, 0.0]"
1582762463650752186,,311,,0,0,'',,,[],0,"[0.0, 0.0, 0.0]"
1582762463660849664,,312,,0,0,'',,,[],0,"[0.0, 0.0, 0.0]"
1582762463671360289,,313,,0,0,'',,,[],0,"[0.0, 0.0, 0.0]"
1582762463681284111,,314,,0,0,'',,,[],0,"[0.0, 0.0, 0.0]"
1582762463691354800,,315,,0,0,'',,,[],0,"[0.0, 0.0, 0.0]"
1582762463701449793,,316,,0,0,'',,,[],0,"[0.0, 0.0, 0.0]"
1582762463711599044,,317,,0,0,'',,,[],0,"[0.0, 0.0, 0.0]"
1582762463721785629,,318,,0,0,'',,,[],0,"[0.0, 0.0, 0.0]"
1582762463731899125,,319,,0,0,'',,,[],0,"[0.0, 0.0, 0.0]"
1582762463741923489,,320,,0,0,'',,,[],0,"[0.0, 0.0, 0.0]"
1582762463752066910,,321,,0,0,'',,,[],0,"[0.0, 0.0, 0.0]"
1582762463762255315,,322,,0,0,'',,,[],0,"[0.0, 0.0, 0.0]"
1582762463772715833,,323,,0,0,'',,,[],0,"[0.0, 0.0, 0.0]"
1582762463782926428,,324,,0,0,'',,,[],0,"[0.0, 0.0, 0.0]"
1582762463792996500,,325,,0,0,'',,,[],0,"[0.0, 0.0, 0.0]"
1582762463803197392,,326,,0,0,'',,,[],0,"[0.0, 0.0, 0.0]"
1582762463813216409,,327,,0,0,'',,,[],0,"[0.0, 0.0, 0.0]"
1582762463823438652,,328,,0,0,'',,,[],0,"[0.0, 0.0, 0.0]"
1582762463833921437,,329,,0,0,'',,,[],0,"[0.0, 0.0, 0.0]"
1582762463843836737,,330,,0,0,'',,,[],0,"[0.0, 0.0, 0.0]"
1582762463853986496,,331,,0,0,'',,,[],0,"[0.0, 0.0, 0.0]"
1582762463863979576,,332,,0,0,'',,,[],0,"[0.0, 0.0, 0.0]"
1582762463874030164,,333,,0,0,'',,,[],0,"[0.0, 0.0, 0.0]"
1582762463884163408,,334,,0,0,'',,,[],0,"[0.0, 0.0, 0.0]"
1582762463894310305,,335,,0,0,'',,,[],0,"[0.0, 0.0, 0.0]"
1582762463904386084,,336,,0,0,'',,,[],0,"[0.0, 0.0, 0.0]"
1582762463914725658,,337,,0,0,'',,,[],0,"[0.0, 0.0, 0.0]"
1582762463924866902,,338,,0,0,'',,,[],0,"[0.0, 0.0, 0.0]"
1582762463934990474,,339,,0,0,'',,,[],0,"[0.0, 0.0, 0.0]"
1582762463945039681,,340,,0,0,'',,,[],0,"[0.0, 0.0, 0.0]"
1582762463955197346,,341,,0,0,'',,,[],0,"[0.0, 0.0, 0.0]"
1582762463965377203,,342,,0,0,'',,,[],0,"[0.0, 0.0, 0.0]"
1582762463975404268,,343,,0,0,'',,,[],0,"[0.0, 0.0, 0.0]"
1582762463985679517,,344,,0,0,'',,,[],0,"[0.0, 0.0, 0.0]"
1582762463995714145,,345,,0,0,'',,,[],0,"[0.0, 0.0, 0.0]"
1582762464005738221,,346,,0,0,'',,,[],0,"[0.0, 0.0, 0.0]"
1582762464015972084,,347,,0,0,'',,,[],0,"[0.0, 0.0, 0.0]"
1582762464026006148,,348,,0,0,'',,,[],0,"[0.0, 0.0, 0.0]"
1582762464036239116,,349,,0,0,'',,,[],0,"[0.0, 0.0, 0.0]"
1582762464046284296,,350,,0,0,'',,,[],0,"[0.0, 0.0, 0.0]"
1582762464056307961,,351,,0,0,'',,,[],0,"[0.0, 0.0, 0.0]"
1582762464066376605,,352,,0,0,'',,,[],0,"[0.0, 0.0, 0.0]"
1582762464076539270,,353,,0,0,'',,,[],0,"[0.0, 0.0, 0.0]"
1582762464086788826,,354,,0,0,'',,,[],0,"[0.0, 0.0, 0.0]"
1582762464096778399,,355,,0,0,'',,,[],0,"[0.0, 0.0, 0.0]"
1582762464106850466,,356,,0,0,'',,,[],0,"[0.0, 0.0, 0.0]"
1582762464117203540,,357,,0,0,'',,,[],0,"[0.0, 0.0, 0.0]"
1582762464127159669,,358,,0,0,'',,,[],0,"[0.0, 0.0, 0.0]"
1582762464137328145,,359,,0,0,'',,,[],0,"[0.0, 0.0, 0.0]"
1582762464147376116,,360,,0,0,'',,,[],0,"[0.0, 0.0, 0.0]"
1582762464157426516,,361,,0,0,'',,,[],0,"[0.0, 0.0, 0.0]"
1582762464167551800,,362,,0,0,'',,,[],0,"[0.0, 0.0, 0.0]"
1582762464177728097,,363,,0,0,'',,,[],0,"[0.0, 0.0, 0.0]"
1582762464187884214,,364,,0,0,'',,,[],0,"[0.0, 0.0, 0.0]"
1582762464197981270,,365,,0,0,'',,,[],0,"[0.0, 0.0, 0.0]"
1582762464208291116,,366,,0,0,'',,,[],0,"[0.0, 0.0, 0.0]"
1582762464218400934,,367,,0,0,'',,,[],0,"[0.0, 0.0, 0.0]"
1582762464228453183,,368,,0,0,'',,,[],0,"[0.0, 0.0, 0.0]"
1582762464238524144,,369,,0,0,'',,,[],0,"[0.0, 0.0, 0.0]"
1582762464248607564,,370,,0,0,'',,,[],0,"[0.0, 0.0, 0.0]"
1582762464258724024,,371,,0,0,'',,,[],0,"[0.0, 0.0, 0.0]"
1582762464268803182,,372,,0,0,'',,,[],0,"[0.0, 0.0, 0.0]"
1582762464278906900,,373,,0,0,'',,,[],0,"[0.0, 0.0, 0.0]"
1582762464289206505,,374,,0,0,'',,,[],0,"[0.0, 0.0, 0.0]"
1582762464299325944,,375,,0,0,'',,,[],0,"[0.0, 0.0, 0.0]"
1582762464309414736,,376,,0,0,'',,,[],0,"[0.0, 0.0, 0.0]"
1582762464319626285,,377,,0,0,'',,,[],0,"[0.0, 0.0, 0.0]"
1582762464329701432,,378,,0,0,'',,,[],0,"[0.0, 0.0, 0.0]"
1582762464339886386,,379,,0,0,'',,,[],0,"[0.0, 0.0, 0.0]"
1582762464349990224,,380,,0,0,'',,,[],0,"[0.0, 0.0, 0.0]"
1582762464360138378,,381,,0,0,'',,,[],0,"[0.0, 0.0, 0.0]"
1582762464370342253,,382,,0,0,'',,,[],0,"[0.0, 0.0, 0.0]"
1582762464380326433,,383,,0,0,'',,,[],0,"[0.0, 0.0, 0.0]"
1582762464390733362,,384,,0,0,'',,,[],0,"[0.0, 0.0, 0.0]"
1582762464400876112,,385,,0,0,'',,,[],0,"[0.0, 0.0, 0.0]"
1582762464410782522,,386,,0,0,'',,,[],0,"[0.0, 0.0, 0.0]"
1582762464420955766,,387,,0,0,'',,,[],0,"[0.0, 0.0, 0.0]"
1582762464431067273,,388,,0,0,'',,,[],0,"[0.0, 0.0, 0.0]"
1582762464441500565,,389,,0,0,'',,,[],0,"[0.0, 0.0, 0.0]"
1582762464451412613,,390,,0,0,'',,,[],0,"[0.0, 0.0, 0.0]"
1582762464461474687,,391,,0,0,'',,,[],0,"[0.0, 0.0, 0.0]"
1582762464471665338,,392,,0,0,'',,,[],0,"[0.0, 0.0, 0.0]"
1582762464481936677,,393,,0,0,'',,,[],0,"[0.0, 0.0, 0.0]"
1582762464492001684,,394,,0,0,'',,,[],0,"[0.0, 0.0, 0.0]"
1582762464502036154,,395,,0,0,'',,,[],0,"[0.0, 0.0, 0.0]"
1582762464512135853,,396,,0,0,'',,,[],0,"[0.0, 0.0, 0.0]"
1582762464522344397,,397,,0,0,'',,,[],0,"[0.0, 0.0, 0.0]"
1582762464532673516,,398,,0,0,'',,,[],0,"[0.0, 0.0, 0.0]"
1582762464542624611,,399,,0,0,'',,,[],0,"[0.0, 0.0, 0.0]"
1582762464552723399,,400,,0,0,'',,,[],0,"[0.0, 0.0, 0.0]"
1582762464562907068,,401,,0,0,'',,,[],0,"[0.0, 0.0, 0.0]"
1582762464572930073,,402,,0,0,'',,,[],0,"[0.0, 0.0, 0.0]"
1582762464583088762,,403,,0,0,'',,,[],0,"[0.0, 0.0, 0.0]"
1582762464593188172,,404,,0,0,'',,,[],0,"[0.0, 0.0, 0.0]"
1582762464603464743,,405,,0,0,'',,,[],0,"[0.0, 0.0, 0.0]"
1582762464613401415,,406,,0,0,'',,,[],0,"[0.0, 0.0, 0.0]"
1582762464623540885,,407,,0,0,'',,,[],0,"[0.0, 0.0, 0.0]"
1582762464633660190,,408,,0,0,'',,,[],0,"[0.0, 0.0, 0.0]"
1582762464643750026,,409,,0,0,'',,,[],0,"[0.0, 0.0, 0.0]"
1582762464653845548,,410,,0,0,'',,,[],0,"[0.0, 0.0, 0.0]"
1582762464664041187,,411,,0,0,'',,,[],0,"[0.0, 0.0, 0.0]"
1582762464674262910,,412,,0,0,'',,,[],0,"[0.0, 0.0, 0.0]"
1582762464684899648,,413,,0,0,'',,,[],0,"[0.0, 0.0, 0.0]"
1582762464694862295,,414,,0,0,'',,,[],0,"[0.0, 0.0, 0.0]"
1582762464704929590,,415,,0,0,'',,,[],0,"[0.0, 0.0, 0.0]"
1582762464715254661,,416,,0,0,'',,,[],0,"[0.0, 0.0, 0.0]"
1582762464725302302,,417,,0,0,'',,,[],0,"[0.0, 0.0, 0.0]"
1582762464735381082,,418,,0,0,'',,,[],0,"[0.0, 0.0, 0.0]"
1582762464745495517,,419,,0,0,'',,,[],0,"[0.0, 0.0, 0.0]"
1582762464755630100,,420,,0,0,'',,,[],0,"[0.0, 0.0, 0.0]"
1582762464765996514,,421,,0,0,'',,,[],0,"[0.0, 0.0, 0.0]"
1582762464776096533,,422,,0,0,'',,,[],0,"[0.0, 0.0, 0.0]"
1582762464786308299,,423,,0,0,'',,,[],0,"[0.0, 0.0, 0.0]"
1582762464796162126,,424,,0,0,'',,,[],0,"[0.0, 0.0, 0.0]"
1582762464806313964,,425,,0,0,'',,,[],0,"[0.0, 0.0, 0.0]"
1582762464816756251,,426,,0,0,'',,,[],0,"[0.0, 0.0, 0.0]"
1582762464826758625,,427,,0,0,'',,,[],0,"[0.0, 0.0, 0.0]"
1582762464836849477,,428,,0,0,'',,,[],0,"[0.0, 0.0, 0.0]"
1582762464846972495,,429,,0,0,'',,,[],0,"[0.0, 0.0, 0.0]"
1582762464857290601,,430,,0,0,'',,,[],0,"[0.0, 0.0, 0.0]"
1582762464867395989,,431,,0,0,'',,,[],0,"[0.0, 0.0, 0.0]"
1582762464877313759,,432,,0,0,'',,,[],0,"[0.0, 0.0, 0.0]"
1582762464887387679,,433,,0,0,'',,,[],0,"[0.0, 0.0, 0.0]"
1582762464897495778,,434,,0,0,'',,,[],0,"[0.0, 0.0, 0.0]"
1582762464907635268,,435,,0,0,'',,,[],0,"[0.0, 0.0, 0.0]"
1582762464917835152,,436,,0,0,'',,,[],0,"[0.0, 0.0, 0.0]"
1582762464927888674,,437,,0,0,'',,,[],0,"[0.0, 0.0, 0.0]"
1582762464937998887,,438,,0,0,'',,,[],0,"[0.0, 0.0, 0.0]"
1582762464948281722,,439,,0,0,'',,,[],0,"[0.0, 0.0, 0.0]"
1582762464958388103,,440,,0,0,'',,,[],0,"[0.0, 0.0, 0.0]"
1582762464968481537,,441,,0,0,'',,,[],0,"[0.0, 0.0, 0.0]"
1582762464978559159,,442,,0,0,'',,,[],0,"[0.0, 0.0, 0.0]"
1582762464988607899,,443,,0,0,'',,,[],0,"[0.0, 0.0, 0.0]"
1582762464999320693,,444,,0,0,'',,,[],0,"[0.0, 0.0, 0.0]"
1582762465009274112,,445,,0,0,'',,,[],0,"[0.0, 0.0, 0.0]"
1582762465019247627,,446,,0,0,'',,,[],0,"[0.0, 0.0, 0.0]"
1582762465029349987,,447,,0,0,'',,,[],0,"[0.0, 0.0, 0.0]"
1582762465039605335,,448,,0,0,'',,,[],0,"[0.0, 0.0, 0.0]"
1582762465050156389,,449,,0,0,'',,,[],0,"[0.0, 0.0, 0.0]"
1582762465060045063,,450,,0,0,'',,,[],0,"[0.0, 0.0, 0.0]"
1582762465070015192,,451,,0,0,'',,,[],0,"[0.0, 0.0, 0.0]"
1582762465080076383,,452,,0,0,'',,,[],0,"[0.0, 0.0, 0.0]"
1582762465090241531,,453,,0,0,'',,,[],0,"[0.0, 0.0, 0.0]"
1582762465100549284,,454,,0,0,'',,,[],0,"[0.0, 0.0, 0.0]"
1582762465110603612,,455,,0,0,'',,,[],0,"[0.0, 0.0, 0.0]"
1582762465120699335,,456,,0,0,'',,,[],0,"[0.0, 0.0, 0.0]"
1582762465130688666,,457,,0,0,'',,,[],0,"[0.0, 0.0, 0.0]"
1582762465141010518,,458,,0,0,'',,,[],0,"[0.0, 0.0, 0.0]"
1582762465151226146,,459,,0,0,'',,,[],0,"[0.0, 0.0, 0.0]"
1582762465161246596,,460,,0,0,'',,,[],0,"[0.0, 0.0, 0.0]"
1582762465171460580,,461,,0,0,'',,,[],0,"[0.0, 0.0, 0.0]"
1582762465181425548,,462,,0,0,'',,,[],0,"[0.0, 0.0, 0.0]"
1582762465191749803,,463,,0,0,'',,,[],0,"[0.0, 0.0, 0.0]"
1582762465201991882,,464,,0,0,'',,,[],0,"[0.0, 0.0, 0.0]"
1582762465211983599,,465,,0,0,'',,,[],0,"[0.0, 0.0, 0.0]"
1582762465222003443,,466,,0,0,'',,,[],0,"[0.0, 0.0, 0.0]"
1582762465232290037,,467,,0,0,'',,,[],0,"[0.0, 0.0, 0.0]"
1582762465242458039,,468,,0,0,'',,,[],0,"[0.0, 0.0, 0.0]"
1582762465252672634,,469,,0,0,'',,,[],0,"[0.0, 0.0, 0.0]"
1582762465262572109,,470,,0,0,'',,,[],0,"[0.0, 0.0, 0.0]"
1582762465272871869,,471,,0,0,'',,,[],0,"[0.0, 0.0, 0.0]"
1582762465283186812,,472,,0,0,'',,,[],0,"[0.0, 0.0, 0.0]"
1582762465293138567,,473,,0,0,'',,,[],0,"[0.0, 0.0, 0.0]"
1582762465303409989,,474,,0,0,'',,,[],0,"[0.0, 0.0, 0.0]"
1582762465313334544,,475,,0,0,'',,,[],0,"[0.0, 0.0, 0.0]"
1582762465323693213,,476,,0,0,'',,,[],0,"[0.0, 0.0, 0.0]"
1582762465333636453,,477,,0,0,'',,,[],0,"[0.0, 0.0, 0.0]"
1582762465343797207,,478,,0,0,'',,,[],0,"[0.0, 0.0, 0.0]"
1582762465354102043,,479,,0,0,'',,,[],0,"[0.0, 0.0, 0.0]"
1582762465364074382,,480,,0,0,'',,,[],0,"[0.0, 0.0, 0.0]"
1582762465374268008,,481,,0,0,'',,,[],0,"[0.0, 0.0, 0.0]"
1582762465384498245,,482,,0,0,'',,,[],0,"[0.0, 0.0, 0.0]"
1582762465394625365,,483,,0,0,'',,,[],0,"[0.0, 0.0, 0.0]"
1582762465404618973,,484,,0,0,'',,,[],0,"[0.0, 0.0, 0.0]"
1582762465414797790,,485,,0,0,'',,,[],0,"[0.0, 0.0, 0.0]"
1582762465424857933,,486,,0,0,'',,,[],0,"[0.0, 0.0, 0.0]"
1582762465434963888,,487,,0,0,'',,,[],0,"[0.0, 0.0, 0.0]"
1582762465445317049,,488,,0,0,'',,,[],0,"[0.0, 0.0, 0.0]"
1582762465455382386,,489,,0,0,'',,,[],0,"[0.0, 0.0, 0.0]"
1582762465465548525,,490,,0,0,'',,,[],0,"[0.0, 0.0, 0.0]"
1582762465475561981,,491,,0,0,'',,,[],0,"[0.0, 0.0, 0.0]"
1582762465485757984,,492,,0,0,'',,,[],0,"[0.0, 0.0, 0.0]"
1582762465495898542,,493,,0,0,'',,,[],0,"[0.0, 0.0, 0.0]"
1582762465506006176,,494,,0,0,'',,,[],0,"[0.0, 0.0, 0.0]"
1582762465516049118,,495,,0,0,'',,,[],0,"[0.0, 0.0, 0.0]"
1582762465526233357,,496,,0,0,'',,,[],0,"[0.0, 0.0, 0.0]"
1582762465536233760,,497,,0,0,'',,,[],0,"[0.0, 0.0, 0.0]"
1582762465546292102,,498,,0,0,'',,,[],0,"[0.0, 0.0, 0.0]"
1582762465556433171,,499,,0,0,'',,,[],0,"[0.0, 0.0, 0.0]"
1582762465566556790,,500,,0,0,'',,,[],0,"[0.0, 0.0, 0.0]"
1582762465576835576,,501,,0,0,'',,,[],0,"[0.0, 0.0, 0.0]"
1582762465586817007,,502,,0,0,'',,,[],0,"[0.0, 0.0, 0.0]"
1582762465596913634,,503,,0,0,'',,,[],0,"[0.0, 0.0, 0.0]"
1582762465607021545,,504,,0,0,'',,,[],0,"[0.0, 0.0, 0.0]"
1582762465617143256,,505,,0,0,'',,,[],0,"[0.0, 0.0, 0.0]"
1582762465627202787,,506,,0,0,'',,,[],0,"[0.0, 0.0, 0.0]"
1582762465637469824,,507,,0,0,'',,,[],0,"[0.0, 0.0, 0.0]"
1582762465647434743,,508,,0,0,'',,,[],0,"[0.0, 0.0, 0.0]"
1582762465657835316,,509,,0,0,'',,,[],0,"[0.0, 0.0, 0.0]"
1582762465668088482,,510,,0,0,'',,,[],0,"[0.0, 0.0, 0.0]"
1582762465678074258,,511,,0,0,'',,,[],0,"[0.0, 0.0, 0.0]"
1582762465688041923,,512,,0,0,'',,,[],0,"[0.0, 0.0, 0.0]"
1582762465698332894,,513,,0,0,'',,,[],0,"[0.0, 0.0, 0.0]"
1582762465708508815,,514,,0,0,'',,,[],0,"[0.0, 0.0, 0.0]"
1582762465718613394,,515,,0,0,'',,,[],0,"[0.0, 0.0, 0.0]"
1582762465728712812,,516,,0,0,'',,,[],0,"[0.0, 0.0, 0.0]"
1582762465738751215,,517,,0,0,'',,,[],0,"[0.0, 0.0, 0.0]"
1582762465748905157,,518,,0,0,'',,,[],0,"[0.0, 0.0, 0.0]"
1582762465759006741,,519,,0,0,'',,,[],0,"[0.0, 0.0, 0.0]"
1582762465769116355,,520,,0,0,'',,,[],0,"[0.0, 0.0, 0.0]"
1582762465779238320,,521,,0,0,'',,,[],0,"[0.0, 0.0, 0.0]"
1582762465789542455,,522,,0,0,'',,,[],0,"[0.0, 0.0, 0.0]"
1582762465799659479,,523,,0,0,'',,,[],0,"[0.0, 0.0, 0.0]"
1582762465809841958,,524,,0,0,'',,,[],0,"[0.0, 0.0, 0.0]"
1582762465820116532,,525,,0,0,'',,,[],0,"[0.0, 0.0, 0.0]"
1582762465830039773,,526,,0,0,'',,,[],0,"[0.0, 0.0, 0.0]"
1582762465840257570,,527,,0,0,'',,,[],0,"[0.0, 0.0, 0.0]"
1582762465850529478,,528,,0,0,'',,,[],0,"[0.0, 0.0, 0.0]"
1582762465860565941,,529,,0,0,'',,,[],0,"[0.0, 0.0, 0.0]"
1582762465870677617,,530,,0,0,'',,,[],0,"[0.0, 0.0, 0.0]"
1582762465880770904,,531,,0,0,'',,,[],0,"[0.0, 0.0, 0.0]"
1582762465891044990,,532,,0,0,'',,,[],0,"[0.0, 0.0, 0.0]"
1582762465901538481,,533,,0,0,'',,,[],0,"[0.0, 0.0, 0.0]"
1582762465911350416,,534,,0,0,'',,,[],0,"[0.0, 0.0, 0.0]"
1582762465921527516,,535,,0,0,'',,,[],0,"[0.0, 0.0, 0.0]"
1582762465931602505,,536,,0,0,'',,,[],0,"[0.0, 0.0, 0.0]"
1582762465941681308,,537,,0,0,'',,,[],0,"[0.0, 0.0, 0.0]"
1582762465952094514,,538,,0,0,'',,,[],0,"[0.0, 0.0, 0.0]"
1582762465962074976,,539,,0,0,'',,,[],0,"[0.0, 0.0, 0.0]"
1582762465972058711,,540,,0,0,'',,,[],0,"[0.0, 0.0, 0.0]"
1582762465982210177,,541,,0,0,'',,,[],0,"[0.0, 0.0, 0.0]"
1582762465992228599,,542,,0,0,'',,,[],0,"[0.0, 0.0, 0.0]"
1582762466002399538,,543,,0,0,'',,,[],0,"[0.0, 0.0, 0.0]"
1582762466012513926,,544,,0,0,'',,,[],0,"[0.0, 0.0, 0.0]"
1582762466022583048,,545,,1582762466,21382093,"""snp""",,,[],0,"[0.0, 0.0, 0.0]"
1582762466032683971,,546,,1582762466,21382093,"""snp""",,,[],0,"[0.0, 0.0, 0.0]"
1582762466042794966,,547,,1582762466,21382093,"""snp""",,,[],0,"[0.0, 0.0, 0.0]"
1582762466052863145,,548,,1582762466,21382093,"""snp""",,,[],0,"[0.0, 0.0, 0.0]"
1582762466062972764,,549,,1582762466,21382093,"""snp""",,,[],0,"[0.0, 0.0, 0.0]"
1582762466073077996,,550,,1582762466,21382093,"""snp""",,,[],0,"[0.0, 0.0, 0.0]"
1582762466083321224,,551,,1582762466,21382093,"""snp""",,,[],0,"[0.0, 0.0, 0.0]"
1582762466093420024,,552,,1582762466,21382093,"""snp""",,,[],0,"[0.0, 0.0, 0.0]"
1582762466103580353,,553,,1582762466,21382093,"""snp""",,,[],0,"[0.0, 0.0, 0.0]"
1582762466113569975,,554,,1582762466,21382093,"""snp""",,,[],0,"[0.0, 0.0, 0.0]"
1582762466123785139,,555,,1582762466,21382093,"""snp""",,,[],0,"[0.0, 0.0, 0.0]"
1582762466133794846,,556,,1582762466,21382093,"""snp""",,,[],0,"[0.0, 0.0, 0.0]"
1582762466143898840,,557,,1582762466,21382093,"""snp""",,,[],0,"[0.0, 0.0, 0.0]"
1582762466154136515,,558,,1582762466,21382093,"""snp""",,,[],0,"[0.0, 0.0, 0.0]"
1582762466164139542,,559,,1582762466,21382093,"""snp""",,,[],0,"[0.0, 0.0, 0.0]"
1582762466174368519,,560,,1582762466,21382093,"""snp""",,,[],0,"[0.0, 0.0, 0.0]"
1582762466184702810,,561,,1582762466,21382093,"""snp""",,,[],0,"[0.0, 0.0, 0.0]"
1582762466194872134,,562,,1582762466,21382093,"""snp""",,,[],0,"[0.0, 0.0, 0.0]"
1582762466204910300,,563,,1582762466,21382093,"""snp""",,,[],0,"[0.0, 0.0, 0.0]"
1582762466215195944,,564,,1582762466,21382093,"""snp""",,,[],0,"[0.0, 0.0, 0.0]"
1582762466225338159,,565,,1582762466,21382093,"""snp""",,,[],0,"[0.0, 0.0, 0.0]"
1582762466235728465,,566,,1582762466,21382093,"""snp""",,,[],0,"[0.0, 0.0, 0.0]"
1582762466245744892,,567,,1582762466,21382093,"""snp""",,,[],0,"[0.0, 0.0, 0.0]"
1582762466256032213,,568,,1582762466,21382093,"""snp""",,,[],0,"[0.0, 0.0, 0.0]"
1582762466265929781,,569,,1582762466,21382093,"""snp""",,,[],0,"[0.0, 0.0, 0.0]"
1582762466276077701,,570,,1582762466,21382093,"""snp""",,,[],0,"[0.0, 0.0, 0.0]"
1582762466286300798,,571,,1582762466,21382093,"""snp""",,,[],0,"[0.0, 0.0, 0.0]"
1582762466296265186,,572,,1582762466,21382093,"""snp""",,,[],0,"[0.0, 0.0, 0.0]"
1582762466306528693,,573,,1582762466,21382093,"""snp""",,,[],0,"[0.0, 0.0, 0.0]"
1582762466316766189,,574,,1582762466,21382093,"""snp""",,,[],0,"[0.0, 0.0, 0.0]"
1582762466326720823,,575,,1582762466,21382093,"""snp""",,,[],0,"[0.0, 0.0, 0.0]"
1582762466336888166,,576,,1582762466,21382093,"""snp""",,,[],0,"[0.0, 0.0, 0.0]"
1582762466346882452,,577,,1582762466,21382093,"""snp""",,,[],0,"[0.0, 0.0, 0.0]"
1582762466357167777,,578,,1582762466,21382093,"""snp""",,,[],0,"[0.0, 0.0, 0.0]"
1582762466367581397,,579,,1582762466,21382093,"""snp""",,,[],0,"[0.0, 0.0, 0.0]"
1582762466377509316,,580,,1582762466,21382093,"""snp""",,,[],0,"[0.0, 0.0, 0.0]"
1582762466387681900,,581,,1582762466,21382093,"""snp""",,,[],0,"[0.0, 0.0, 0.0]"
1582762466397672123,,582,,1582762466,21382093,"""snp""",,,[],0,"[0.0, 0.0, 0.0]"
1582762466408036709,,583,,1582762466,21382093,"""snp""",,,[],0,"[0.0, 0.0, 0.0]"
1582762466418121336,,584,,1582762466,21382093,"""snp""",,,[],0,"[0.0, 0.0, 0.0]"
1582762466428153140,,585,,1582762466,21382093,"""snp""",,,[],0,"[0.0, 0.0, 0.0]"
1582762466438454026,,586,,1582762466,21382093,"""snp""",,,[],0,"[0.0, 0.0, 0.0]"
1582762466448467720,,587,,1582762466,21382093,"""snp""",,,[],0,"[0.0, 0.0, 0.0]"
1582762466458505432,,588,,1582762466,21382093,"""snp""",,,[],0,"[0.0, 0.0, 0.0]"
1582762466468642293,,589,,1582762466,21382093,"""snp""",,,[],0,"[0.0, 0.0, 0.0]"
1582762466478685425,,590,,1582762466,477619886,"""snp""",,,[],0,"[0.0, 0.0, 0.0]"
1582762466488895912,,591,,1582762466,484611034,"""snp""",,,[],0,"[0.0, 0.0, 0.0]"
1582762466499033195,,592,,1582762466,484611034,"""snp""",,,[],0,"[0.0, 0.0, 0.0]"
1582762466509242817,,593,,1582762466,484611034,"""snp""",,,[],0,"[0.0, 0.0, 0.0]"
1582762466519369113,,594,,1582762466,484611034,"""snp""",,,[],0,"[0.0, 0.0, 0.0]"
1582762466529405220,,595,,1582762466,526303052,"""snp""",,,[],0,"[0.0, 0.0, 0.0]"
1582762466539551852,,596,,1582762466,538342952,"""snp""",,,[],0,"[0.0, 0.0, 0.0]"
1582762466549820729,,597,,1582762466,546591043,"""snp""",,,[],0,"[0.0, 0.0, 0.0]"
1582762466559794998,,598,,1582762466,546591043,"""snp""",,,[],0,"[0.0, 0.0, 0.0]"
1582762466570018406,,599,,1582762466,546591043,"""snp""",,,[],0,"[0.0, 0.0, 0.0]"
1582762466580106275,,600,,1582762466,546591043,"""snp""",,,[],0,"[0.0, 0.0, 0.0]"
1582762466590286771,,601,,1582762466,546591043,"""snp""",,,[],0,"[0.0, 0.0, 0.0]"
1582762466600389062,,602,,1582762466,546591043,"""snp""",,,[],0,"[0.0, 0.0, 0.0]"
1582762466610424498,,603,,1582762466,546591043,"""snp""",,,[],0,"[0.0, 0.0, 0.0]"
1582762466620636212,,604,,1582762466,546591043,"""snp""",,,[],0,"[0.0, 0.0, 0.0]"
1582762466630694031,,605,,1582762466,546591043,"""snp""",,,[],0,"[0.0, 0.0, 0.0]"
1582762466640761882,,606,,1582762466,546591043,"""snp""",,,[],0,"[0.0, 0.0, 0.0]"
1582762466650882769,,607,,1582762466,546591043,"""snp""",,,[],0,"[0.0, 0.0, 0.0]"
1582762466660967266,,608,,1582762466,546591043,"""snp""",,,[],0,"[0.0, 0.0, 0.0]"
1582762466671454192,,609,,1582762466,546591043,"""snp""",,,[],0,"[0.0, 0.0, 0.0]"
1582762466681388274,,610,,1582762466,546591043,"""snp""",,,[],0,"[0.0, 0.0, 0.0]"
1582762466691486191,,611,,1582762466,546591043,"""snp""",,,[],0,"[0.0, 0.0, 0.0]"
1582762466701733199,,612,,1582762466,546591043,"""snp""",,,[],0,"[0.0, 0.0, 0.0]"
1582762466711683854,,613,,1582762466,546591043,"""snp""",,,[],0,"[0.0, 0.0, 0.0]"
1582762466721830600,,614,,1582762466,546591043,"""snp""",,,[],0,"[0.0, 0.0, 0.0]"
1582762466732106781,,615,,1582762466,546591043,"""snp""",,,[],0,"[0.0, 0.0, 0.0]"
1582762466742311894,,616,,1582762466,546591043,"""snp""",,,[],0,"[0.0, 0.0, 0.0]"
1582762466752377720,,617,,1582762466,546591043,"""snp""",,,[],0,"[0.0, 0.0, 0.0]"
1582762466762564190,,618,,1582762466,546591043,"""snp""",,,[],0,"[0.0, 0.0, 0.0]"
1582762466772746716,,619,,1582762466,546591043,"""snp""",,,[],0,"[0.0, 0.0, 0.0]"
1582762466782938116,,620,,1582762466,546591043,"""snp""",,,[],0,"[0.0, 0.0, 0.0]"
1582762466793156363,,621,,1582762466,546591043,"""snp""",,,[],0,"[0.0, 0.0, 0.0]"
1582762466803294569,,622,,1582762466,546591043,"""snp""",,,[],0,"[0.0, 0.0, 0.0]"
1582762466813739895,,623,,1582762466,546591043,"""snp""",,,[],0,"[0.0, 0.0, 0.0]"
1582762466824101278,,624,,1582762466,546591043,"""snp""",,,[],0,"[0.0, 0.0, 0.0]"
1582762466834230038,,625,,1582762466,546591043,"""snp""",,,[],0,"[0.0, 0.0, 0.0]"
1582762466844254938,,626,,1582762466,546591043,"""snp""",,,[],0,"[0.0, 0.0, 0.0]"
1582762466854762026,,627,,1582762466,546591043,"""snp""",,,[],0,"[0.0, 0.0, 0.0]"
1582762466865544893,,628,,1582762466,546591043,"""snp""",,,[],0,"[0.0, 0.0, 0.0]"
1582762466875308206,,629,,1582762466,546591043,"""snp""",,,[],0,"[0.0, 0.0, 0.0]"
1582762466885389102,,630,,1582762466,546591043,"""snp""",,,[],0,"[0.0, 0.0, 0.0]"
1582762466895575996,,631,,1582762466,546591043,"""snp""",,,[],0,"[0.0, 0.0, 0.0]"
1582762466905935818,,632,,1582762466,546591043,"""snp""",,,[],0,"[0.0, 0.0, 0.0]"
1582762466916217539,,633,,1582762466,546591043,"""snp""",,,[],0,"[0.0, 0.0, 0.0]"
1582762466926381327,,634,,1582762466,546591043,"""snp""",,,[],0,"[0.0, 0.0, 0.0]"
1582762466936450610,,635,,1582762466,546591043,"""snp""",,,[],0,"[0.0, 0.0, 0.0]"
1582762466946638311,,636,,1582762466,546591043,"""snp""",,,[],0,"[0.0, 0.0, 0.0]"
1582762466956825870,,637,,1582762466,546591043,"""snp""",,,[],0,"[0.0, 0.0, 0.0]"
1582762466967590077,,638,,1582762466,546591043,"""snp""",,,[],0,"[0.0, 0.0, 0.0]"
1582762466977478877,,639,,1582762466,546591043,"""snp""",,,[],0,"[0.0, 0.0, 0.0]"
1582762466988180506,,640,,1582762466,546591043,"""snp""",,,[],0,"[0.0, 0.0, 0.0]"
1582762466998310583,,641,,1582762466,546591043,"""snp""",,,[],0,"[0.0, 0.0, 0.0]"
1582762467008858750,,642,,1582762467,4829883,"""snp""",,,[],0,"[0.0, 0.0, 0.0]"
1582762467018568980,,643,,1582762467,14065980,"""snp""",,,[],0,"[0.0, 0.0, 0.0]"
1582762467028756936,,644,,1582762467,14065980,"""snp""",,,[],0,"[0.0, 0.0, 0.0]"
1582762467039053699,,645,,1582762467,14065980,"""snp""",,,[],0,"[0.0, 0.0, 0.0]"
1582762467049291627,,646,,1582762467,14065980,"""snp""",,,[],0,"[0.0, 0.0, 0.0]"
1582762467059481239,,647,,1582762467,14065980,"""snp""",,,[],0,"[0.0, 0.0, 0.0]"
1582762467069810182,,648,,1582762467,14065980,"""snp""",,,[],0,"[0.0, 0.0, 0.0]"
1582762467079965660,,649,,1582762467,14065980,"""snp""",,,[],0,"[0.0, 0.0, 0.0]"
1582762467089967064,,650,,1582762467,88062047,"""snp""",,,[],0,"[0.0, 0.0, 0.0]"
1582762467100621245,,651,,1582762467,91231107,"""snp""",,,[],0,"[0.0, 0.0, 0.0]"
1582762467111110931,,652,,1582762467,91231107,"""snp""",,,[],0,"[0.0, 0.0, 0.0]"
1582762467121340600,,653,,1582762467,91231107,"""snp""",,,[],0,"[0.0, 0.0, 0.0]"
1582762467131673141,,654,,1582762467,91231107,"""snp""",,,[],0,"[0.0, 0.0, 0.0]"
1582762467141942167,,655,,1582762467,91231107,"""snp""",,,[],0,"[0.0, 0.0, 0.0]"
1582762467152395871,,656,,1582762467,91231107,"""snp""",,,[],0,"[0.0, 0.0, 0.0]"
1582762467162602524,,657,,1582762467,91231107,"""snp""",,,[],0,"[0.0, 0.0, 0.0]"
1582762467172899879,,658,,1582762467,91231107,"""snp""",,,[],0,"[0.0, 0.0, 0.0]"
1582762467183211725,,659,,1582762467,91231107,"""snp""",,,[],0,"[0.0, 0.0, 0.0]"
1582762467193579854,,660,,1582762467,91231107,"""snp""",,,[],0,"[0.0, 0.0, 0.0]"
1582762467203927880,,661,,1582762467,91231107,"""snp""",,,[],0,"[0.0, 0.0, 0.0]"
1582762467214457740,,662,,1582762467,91231107,"""snp""",,,[],0,"[0.0, 0.0, 0.0]"
1582762467225078655,,663,,1582762467,91231107,"""snp""",,,[],0,"[0.0, 0.0, 0.0]"
1582762467235292982,,664,,1582762467,91231107,"""snp""",,,[],0,"[0.0, 0.0, 0.0]"
1582762467245954764,,665,,1582762467,91231107,"""snp""",,,[],0,"[0.0, 0.0, 0.0]"
1582762467256265262,,666,,1582762467,91231107,"""snp""",,,[],0,"[0.0, 0.0, 0.0]"
1582762467266431762,,667,,1582762467,91231107,"""snp""",,,[],0,"[0.0, 0.0, 0.0]"
1582762467276853270,,668,,1582762467,91231107,"""snp""",,,[],0,"[0.0, 0.0, 0.0]"
1582762467287170836,,669,,1582762467,91231107,"""snp""",,,[],0,"[0.0, 0.0, 0.0]"
1582762467297440475,,670,,1582762467,91231107,"""snp""",,,[],0,"[0.0, 0.0, 0.0]"
1582762467307714532,,671,,1582762467,91231107,"""snp""",,,[],0,"[0.0, 0.0, 0.0]"
1582762467317921485,,672,,1582762467,91231107,"""snp""",,,[],0,"[0.0, 0.0, 0.0]"
1582762467328242836,,673,,1582762467,91231107,"""snp""",,,[],0,"[0.0, 0.0, 0.0]"
1582762467338766016,,674,,1582762467,91231107,"""snp""",,,[],0,"[0.0, 0.0, 0.0]"
1582762467349114982,,675,,1582762467,91231107,"""snp""",,,[],0,"[0.0, 0.0, 0.0]"
1582762467359386038,,676,,1582762467,91231107,"""snp""",,,[],0,"[0.0, 0.0, 0.0]"
1582762467369713684,,677,,1582762467,91231107,"""snp""",,,[],0,"[0.0, 0.0, 0.0]"
1582762467379911451,,678,,1582762467,91231107,"""snp""",,,[],0,"[0.0, 0.0, 0.0]"
1582762467390080440,,679,,1582762467,91231107,"""snp""",,,[],0,"[0.0, 0.0, 0.0]"
1582762467400621685,,680,,1582762467,91231107,"""snp""",,,[],0,"[0.0, 0.0, 0.0]"
1582762467410693424,,681,,1582762467,91231107,"""snp""",,,[],0,"[0.0, 0.0, 0.0]"
1582762467421580767,,682,,1582762467,91231107,"""snp""",,,[],0,"[0.0, 0.0, 0.0]"
1582762467432117185,,683,,1582762467,91231107,"""snp""",,,[],0,"[0.0, 0.0, 0.0]"
1582762467442393236,,684,,1582762467,91231107,"""snp""",,,[],0,"[0.0, 0.0, 0.0]"
1582762467452424720,,685,,1582762467,450767040,"""snp""",,,[],0,"[0.0, 0.0, 0.0]"
1582762467462649886,,686,,1582762467,450767040,"""snp""",,,[],0,"[0.0, 0.0, 0.0]"
1582762467473448951,,687,,1582762467,450767040,"""snp""",,,[],0,"[0.0, 0.0, 0.0]"
1582762467483316678,,688,,1582762467,450767040,"""snp""",,,[],0,"[0.0, 0.0, 0.0]"
1582762467493470763,,689,,1582762467,450767040,"""snp""",,,[],0,"[0.0, 0.0, 0.0]"
1582762467503824142,,690,,1582762467,450767040,"""snp""",,,[],0,"[0.0, 0.0, 0.0]"
1582762467514245528,,691,,1582762467,450767040,"""snp""",,,[],0,"[0.0, 0.0, 0.0]"
1582762467524473891,,692,,1582762467,450767040,"""snp""",,,[],0,"[0.0, 0.0, 0.0]"
1582762467534475837,,693,,1582762467,450767040,"""snp""",,,[],0,"[0.0, 0.0, 0.0]"
1582762467544703998,,694,,1582762467,543111085,"""snp""",,,[],0,"[0.0, 0.0, 0.0]"
1582762467555024413,,695,,1582762467,546386003,"""snp""",,,[],0,"[0.0, 0.0, 0.0]"
1582762467565401372,,696,,1582762467,546386003,"""snp""",,,[],0,"[0.0, 0.0, 0.0]"
1582762467575588737,,697,,1582762467,546386003,"""snp""",,,[],0,"[0.0, 0.0, 0.0]"
1582762467585997587,,698,,1582762467,546386003,"""snp""",,,[],0,"[0.0, 0.0, 0.0]"
1582762467595811343,,699,,1582762467,546386003,"""snp""",,,[],0,"[0.0, 0.0, 0.0]"
1582762467605812790,,700,,1582762467,546386003,"""snp""",,,[],0,"[0.0, 0.0, 0.0]"
1582762467615848778,,701,,1582762467,546386003,"""snp""",,,[],0,"[0.0, 0.0, 0.0]"
1582762467625902908,,702,,1582762467,546386003,"""snp""",,,[],0,"[0.0, 0.0, 0.0]"
1582762467636227870,,703,,1582762467,546386003,"""snp""",,,[],0,"[0.0, 0.0, 0.0]"
1582762467646426538,,704,,1582762467,546386003,"""snp""",,,[],0,"[0.0, 0.0, 0.0]"
1582762467656764059,,705,,1582762467,546386003,"""snp""",,,[],0,"[0.0, 0.0, 0.0]"
1582762467667283178,,706,,1582762467,546386003,"""snp""",,,[],0,"[0.0, 0.0, 0.0]"
1582762467677839876,,707,,1582762467,546386003,"""snp""",,,[],0,"[0.0, 0.0, 0.0]"
1582762467688106151,,708,,1582762467,546386003,"""snp""",,,[],0,"[0.0, 0.0, 0.0]"
1582762467698413848,,709,,1582762467,546386003,"""snp""",,,[],0,"[0.0, 0.0, 0.0]"
1582762467708737558,,710,,1582762467,546386003,"""snp""",,,[],0,"[0.0, 0.0, 0.0]"
1582762467719019335,,711,,1582762467,546386003,"""snp""",,,[],0,"[0.0, 0.0, 0.0]"
1582762467729114893,,712,,1582762467,546386003,"""snp""",,,[],0,"[0.0, 0.0, 0.0]"
1582762467739864045,,713,,1582762467,546386003,"""snp""",,,[],0,"[0.0, 0.0, 0.0]"
1582762467750246291,,714,,1582762467,546386003,"""snp""",,,[],0,"[0.0, 0.0, 0.0]"
1582762467760226936,,715,,1582762467,546386003,"""snp""",,,[],0,"[0.0, 0.0, 0.0]"
1582762467770814283,,716,,1582762467,546386003,"""snp""",,,[],0,"[0.0, 0.0, 0.0]"
1582762467780936282,,717,,1582762467,546386003,"""snp""",,,[],0,"[0.0, 0.0, 0.0]"
1582762467791293889,,718,,1582762467,546386003,"""snp""",,,[],0,"[0.0, 0.0, 0.0]"
1582762467801465583,,719,,1582762467,546386003,"""snp""",,,[],0,"[0.0, 0.0, 0.0]"
1582762467811947160,,720,,1582762467,546386003,"""snp""",,,[],0,"[0.0, 0.0, 0.0]"
1582762467821944717,,721,,1582762467,546386003,"""snp""",,,[],0,"[0.0, 0.0, 0.0]"
1582762467832693133,,722,,1582762467,546386003,"""snp""",,,[],0,"[0.0, 0.0, 0.0]"
1582762467843019746,,723,,1582762467,546386003,"""snp""",,,[],0,"[0.0, 0.0, 0.0]"
1582762467853486629,,724,,1582762467,546386003,"""snp""",,,[],0,"[0.0, 0.0, 0.0]"
1582762467863700788,,725,,1582762467,546386003,"""snp""",,,[],0,"[0.0, 0.0, 0.0]"
1582762467873964629,,726,,1582762467,546386003,"""snp""",,,[],0,"[0.0, 0.0, 0.0]"
1582762467883805922,,727,,1582762467,546386003,"""snp""",,,[],0,"[0.0, 0.0, 0.0]"
1582762467893850781,,728,,1582762467,888381958,"""snp""",,,[],0,"[0.0, 0.0, 0.0]"
1582762467903993762,,729,,1582762467,888381958,"""snp""",,,[],0,"[0.0, 0.0, 0.0]"
1582762467914109507,,730,,1582762467,888381958,"""snp""",,,[],0,"[0.0, 0.0, 0.0]"
1582762467924423734,,731,,1582762467,888381958,"""snp""",,,[],0,"[0.0, 0.0, 0.0]"
1582762467935144690,,732,,1582762467,932387113,"""snp""",,,[],0,"[0.0, 0.0, 0.0]"
1582762467945411480,,733,,1582762467,932387113,"""snp""",,,[],0,"[0.0, 0.0, 0.0]"
1582762467955804247,,734,,1582762467,932387113,"""snp""",,,[],0,"[0.0, 0.0, 0.0]"
1582762467966143438,,735,,1582762467,932387113,"""snp""",,,[],0,"[0.0, 0.0, 0.0]"
1582762467976395190,,736,,1582762467,932387113,"""snp""",,,[],0,"[0.0, 0.0, 0.0]"
1582762467986586320,,737,,1582762467,932387113,"""snp""",,,[],0,"[0.0, 0.0, 0.0]"
1582762467997227564,,738,,1582762467,932387113,"""snp""",,,[],0,"[0.0, 0.0, 0.0]"
1582762468007323915,,739,,1582762467,932387113,"""snp""",,,[],0,"[0.0, 0.0, 0.0]"
1582762468017984338,,740,,1582762467,932387113,"""snp""",,,[],0,"[0.0, 0.0, 0.0]"
1582762468028368667,,741,,1582762467,932387113,"""snp""",,,[],0,"[0.0, 0.0, 0.0]"
1582762468038635594,,742,,1582762467,932387113,"""snp""",,,[],0,"[0.0, 0.0, 0.0]"
1582762468048892290,,743,,1582762467,932387113,"""snp""",,,[],0,"[0.0, 0.0, 0.0]"
1582762468059229868,,744,,1582762467,932387113,"""snp""",,,[],0,"[0.0, 0.0, 0.0]"
1582762468069517326,,745,,1582762467,932387113,"""snp""",,,[],0,"[0.0, 0.0, 0.0]"
1582762468079813021,,746,,1582762467,932387113,"""snp""",,,[],0,"[0.0, 0.0, 0.0]"
1582762468089926484,,747,,1582762467,932387113,"""snp""",,,[],0,"[0.0, 0.0, 0.0]"
1582762468101153178,,748,,1582762467,932387113,"""snp""",,,[],0,"[0.0, 0.0, 0.0]"
1582762468110987265,,749,,1582762467,932387113,"""snp""",,,[],0,"[0.0, 0.0, 0.0]"
1582762468121579263,,750,,1582762467,932387113,"""snp""",,,[],0,"[0.0, 0.0, 0.0]"
1582762468131917411,,751,,1582762467,932387113,"""snp""",,,[],0,"[0.0, 0.0, 0.0]"
1582762468142258082,,752,,1582762467,932387113,"""snp""",,,[],0,"[0.0, 0.0, 0.0]"
1582762468152524606,,753,,1582762467,932387113,"""snp""",,,[],0,"[0.0, 0.0, 0.0]"
1582762468162810616,,754,,1582762467,932387113,"""snp""",,,[],0,"[0.0, 0.0, 0.0]"
1582762468173112415,,755,,1582762467,932387113,"""snp""",,,[],0,"[0.0, 0.0, 0.0]"
1582762468183483238,,756,,1582762467,932387113,"""snp""",,,[],0,"[0.0, 0.0, 0.0]"
1582762468193724254,,757,,1582762467,932387113,"""snp""",,,[],0,"[0.0, 0.0, 0.0]"
1582762468204013749,,758,,1582762467,932387113,"""snp""",,,[],0,"[0.0, 0.0, 0.0]"
1582762468214353020,,759,,1582762467,932387113,"""snp""",,,[],0,"[0.0, 0.0, 0.0]"
1582762468224571087,,760,,1582762467,932387113,"""snp""",,,[],0,"[0.0, 0.0, 0.0]"
1582762468234840484,,761,,1582762467,932387113,"""snp""",,,[],0,"[0.0, 0.0, 0.0]"
1582762468245064602,,762,,1582762467,932387113,"""snp""",,,[],0,"[0.0, 0.0, 0.0]"
1582762468255687557,,763,,1582762467,932387113,"""snp""",,,[],0,"[0.0, 0.0, 0.0]"
1582762468266094824,,764,,1582762467,932387113,"""snp""",,,[],0,"[0.0, 0.0, 0.0]"
1582762468276311243,,765,,1582762467,932387113,"""snp""",,,[],0,"[0.0, 0.0, 0.0]"
1582762468286642616,,766,,1582762467,932387113,"""snp""",,,[],0,"[0.0, 0.0, 0.0]"
1582762468296549975,,767,,1582762468,293039083,"""snp""",,,[],0,"[0.0, 0.0, 0.0]"
1582762468306883150,,768,,1582762468,303658962,"""snp""",,,[],0,"[0.0, 0.0, 0.0]"
1582762468317421252,,769,,1582762468,307275056,"""snp""",,,[],0,"[0.0, 0.0, 0.0]"
1582762468327327718,,770,,1582762468,307275056,"""snp""",,,[],0,"[0.0, 0.0, 0.0]"
1582762468337708794,,771,,1582762468,307275056,"""snp""",,,[],0,"[0.0, 0.0, 0.0]"
1582762468347934894,,772,,1582762468,307275056,"""snp""",,,[],0,"[0.0, 0.0, 0.0]"
1582762468358287811,,773,,1582762468,307275056,"""snp""",,,[],0,"[0.0, 0.0, 0.0]"
1582762468368542150,,774,,1582762468,307275056,"""snp""",,,[],0,"[0.0, 0.0, 0.0]"
1582762468378758380,,775,,1582762468,307275056,"""snp""",,,[],0,"[0.0, 0.0, 0.0]"
1582762468388839878,,776,,1582762468,307275056,"""snp""",,,[],0,"[0.0, 0.0, 0.0]"
1582762468399141825,,777,,1582762468,307275056,"""snp""",,,[],0,"[0.0, 0.0, 0.0]"
1582762468409247092,,778,,1582762468,307275056,"""snp""",,,[],0,"[0.0, 0.0, 0.0]"
1582762468419186775,,779,,1582762468,307275056,"""snp""",,,[],0,"[0.0, 0.0, 0.0]"
1582762468429216159,,780,,1582762468,307275056,"""snp""",,,[],0,"[0.0, 0.0, 0.0]"
1582762468439194916,,781,,1582762468,438446044,"""snp""",,,[],0,"[0.0, 0.0, 0.0]"
1582762468449497364,,782,,1582762468,439994096,"""snp""",,,[],0,"[0.0, 0.0, 0.0]"
1582762468459604717,,783,,1582762468,439994096,"""snp""",,,[],0,"[0.0, 0.0, 0.0]"
1582762468469686706,,784,,1582762468,439994096,"""snp""",,,[],0,"[0.0, 0.0, 0.0]"
1582762468479713421,,785,,1582762468,439994096,"""snp""",,,[],0,"[0.0, 0.0, 0.0]"
1582762468490803324,,786,,1582762468,439994096,"""snp""",,,[],0,"[0.0, 0.0, 0.0]"
1582762468501003072,,787,,1582762468,439994096,"""snp""",,,[],0,"[0.0, 0.0, 0.0]"
1582762468511528408,,788,,1582762468,439994096,"""snp""",,,[],0,"[0.0, 0.0, 0.0]"
1582762468521899450,,789,,1582762468,439994096,"""snp""",,,[],0,"[0.0, 0.0, 0.0]"
1582762468532282088,,790,,1582762468,439994096,"""snp""",,,[],0,"[0.0, 0.0, 0.0]"
1582762468541970853,,791,,1582762468,439994096,"""snp""",,,[],0,"[0.0, 0.0, 0.0]"
1582762468552757372,,792,,1582762468,439994096,"""snp""",,,[],0,"[0.0, 0.0, 0.0]"
1582762468563133605,,793,,1582762468,439994096,"""snp""",,,[],0,"[0.0, 0.0, 0.0]"
1582762468573775067,,794,,1582762468,439994096,"""snp""",,,[],0,"[0.0, 0.0, 0.0]"
1582762468584065294,,795,,1582762468,439994096,"""snp""",,,[],0,"[0.0, 0.0, 0.0]"
1582762468593788182,,796,,1582762468,439994096,"""snp""",,,[],0,"[0.0, 0.0, 0.0]"
1582762468603858768,,797,,1582762468,439994096,"""snp""",,,[],0,"[0.0, 0.0, 0.0]"
1582762468614613270,,798,,1582762468,439994096,"""snp""",,,[],0,"[0.0, 0.0, 0.0]"
1582762468624776959,,799,,1582762468,439994096,"""snp""",,,[],0,"[0.0, 0.0, 0.0]"
1582762468635810854,,800,,1582762468,439994096,"""snp""",,,[],0,"[0.0, 0.0, 0.0]"
1582762468646122616,,801,,1582762468,439994096,"""snp""",,,[],0,"[0.0, 0.0, 0.0]"
1582762468656147673,,802,,1582762468,439994096,"""snp""",,,[],0,"[0.0, 0.0, 0.0]"
1582762468666423464,,803,,1582762468,439994096,"""snp""",,,[],0,"[0.0, 0.0, 0.0]"
1582762468676954050,,804,,1582762468,439994096,"""snp""",,,[],0,"[0.0, 0.0, 0.0]"
1582762468687090397,,805,,1582762468,439994096,"""snp""",,,[],0,"[0.0, 0.0, 0.0]"
1582762468697842645,,806,,1582762468,439994096,"""snp""",,,[],0,"[0.0, 0.0, 0.0]"
1582762468707448614,,807,,1582762468,439994096,"""snp""",,,[],0,"[0.0, 0.0, 0.0]"
1582762468718149537,,808,,1582762468,439994096,"""snp""",,,[],0,"[0.0, 0.0, 0.0]"
1582762468728639502,,809,,1582762468,439994096,"""snp""",,,[],0,"[0.0, 0.0, 0.0]"
1582762468738566744,,810,,1582762468,439994096,"""snp""",,,[],0,"[0.0, 0.0, 0.0]"
1582762468748389784,,811,,1582762468,439994096,"""snp""",,,[],0,"[0.0, 0.0, 0.0]"
1582762468758493453,,812,,1582762468,439994096,"""snp""",,,[],0,"[0.0, 0.0, 0.0]"
1582762468768568504,,813,,1582762468,439994096,"""snp""",,,[],0,"[0.0, 0.0, 0.0]"
1582762468778616186,,814,,1582762468,439994096,"""snp""",,,[],0,"[0.0, 0.0, 0.0]"
1582762468788858861,,815,,1582762468,788579940,"""snp""",,,[],0,"[0.0, 0.0, 0.0]"
1582762468798966003,,816,,1582762468,788579940,"""snp""",,,[],0,"[0.0, 0.0, 0.0]"
1582762468809019230,,817,,1582762468,788579940,"""snp""",,,[],0,"[0.0, 0.0, 0.0]"
1582762468819267410,,818,,1582762468,788579940,"""snp""",,,[],0,"[0.0, 0.0, 0.0]"
1582762468829331749,,819,,1582762468,788579940,"""snp""",,,[],0,"[0.0, 0.0, 0.0]"
1582762468839442798,,820,,1582762468,788579940,"""snp""",,,[],0,"[0.0, 0.0, 0.0]"
1582762468849587217,,821,,1582762468,788579940,"""snp""",,,[],0,"[0.0, 0.0, 0.0]"
1582762468859726129,,822,,1582762468,788579940,"""snp""",,,[],0,"[0.0, 0.0, 0.0]"
1582762468869777959,,823,,1582762468,788579940,"""snp""",,,[],0,"[0.0, 0.0, 0.0]"
1582762468879860892,,824,,1582762468,788579940,"""snp""",,,[],0,"[0.0, 0.0, 0.0]"
1582762468889977899,,825,,1582762468,788579940,"""snp""",,,[],0,"[0.0, 0.0, 0.0]"
1582762468900071835,,826,,1582762468,788579940,"""snp""",,,[],0,"[0.0, 0.0, 0.0]"
1582762468910162012,,827,,1582762468,788579940,"""snp""",,,[],0,"[0.0, 0.0, 0.0]"
1582762468920292906,,828,,1582762468,788579940,"""snp""",,,[],0,"[0.0, 0.0, 0.0]"
1582762468930431555,,829,,1582762468,788579940,"""snp""",,,[],0,"[0.0, 0.0, 0.0]"
1582762468940881385,,830,,1582762468,788579940,"""snp""",,,[],0,"[0.0, 0.0, 0.0]"
1582762468950809662,,831,,1582762468,788579940,"""snp""",,,[],0,"[0.0, 0.0, 0.0]"
1582762468960727978,,832,,1582762468,788579940,"""snp""",,,[],0,"[0.0, 0.0, 0.0]"
1582762468970840059,,833,,1582762468,788579940,"""snp""",,,[],0,"[0.0, 0.0, 0.0]"
1582762468980937064,,834,,1582762468,788579940,"""snp""",,,[],0,"[0.0, 0.0, 0.0]"
1582762468991162311,,835,,1582762468,788579940,"""snp""",,,[],0,"[0.0, 0.0, 0.0]"
1582762469001173526,,836,,1582762468,788579940,"""snp""",,,[],0,"[0.0, 0.0, 0.0]"
1582762469011430157,,837,,1582762468,788579940,"""snp""",,,[],0,"[0.0, 0.0, 0.0]"
1582762469021404247,,838,,1582762468,788579940,"""snp""",,,[],0,"[0.0, 0.0, 0.0]"
1582762469031560444,,839,,1582762468,788579940,"""snp""",,,[],0,"[0.0, 0.0, 0.0]"
1582762469041996613,,840,,1582762469,39407014,"""snp""",,,[],0,"[0.0, 0.0, 0.0]"
1582762469051785237,,841,,1582762469,39407014,"""snp""",,,[],0,"[0.0, 0.0, 0.0]"
1582762469062011894,,842,,1582762469,39407014,"""snp""",,,[],0,"[0.0, 0.0, 0.0]"
1582762469072144197,,843,,1582762469,39407014,"""snp""",,,[],0,"[0.0, 0.0, 0.0]"
1582762469082156525,,844,,1582762469,39407014,"""snp""",,,[],0,"[0.0, 0.0, 0.0]"
1582762469092317923,,845,,1582762469,39407014,"""snp""",,,[],0,"[0.0, 0.0, 0.0]"
1582762469102422908,,846,,1582762469,39407014,"""snp""",,,[],0,"[0.0, 0.0, 0.0]"
1582762469112768165,,847,,1582762469,39407014,"""snp""",,,[],0,"[0.0, 0.0, 0.0]"
1582762469122757306,,848,,1582762469,39407014,"""snp""",,,[],0,"[0.0, 0.0, 0.0]"
1582762469132743074,,849,,1582762469,39407014,"""snp""",,,[],0,"[0.0, 0.0, 0.0]"
1582762469142951751,,850,,1582762469,39407014,"""snp""",,,[],0,"[0.0, 0.0, 0.0]"
1582762469152973140,,851,,1582762469,39407014,"""snp""",,,[],0,"[0.0, 0.0, 0.0]"
1582762469163237498,,852,,1582762469,39407014,"""snp""",,,[],0,"[0.0, 0.0, 0.0]"
1582762469173275282,,853,,1582762469,39407014,"""snp""",,,[],0,"[0.0, 0.0, 0.0]"
1582762469183368360,,854,,1582762469,39407014,"""snp""",,,[],0,"[0.0, 0.0, 0.0]"
1582762469193431733,,855,,1582762469,39407014,"""snp""",,,[],0,"[0.0, 0.0, 0.0]"
1582762469203536264,,856,,1582762469,39407014,"""snp""",,,[],0,"[0.0, 0.0, 0.0]"
1582762469213734235,,857,,1582762469,39407014,"""snp""",,,[],0,"[0.0, 0.0, 0.0]"
1582762469224014836,,858,,1582762469,39407014,"""snp""",,,[],0,"[0.0, 0.0, 0.0]"
1582762469234102912,,859,,1582762469,39407014,"""snp""",,,[],0,"[0.0, 0.0, 0.0]"
1582762469244325388,,860,,1582762469,39407014,"""snp""",,,[],0,"[0.0, 0.0, 0.0]"
1582762469255337990,,861,,1582762469,39407014,"""snp""",,,[],0,"[0.0, 0.0, 0.0]"
1582762469264627794,,862,,1582762469,39407014,"""snp""",,,[],0,"[0.0, 0.0, 0.0]"
1582762469274893317,,863,,1582762469,39407014,"""snp""",,,[],0,"[0.0, 0.0, 0.0]"
1582762469285081537,,864,,1582762469,39407014,"""snp""",,,[],0,"[0.0, 0.0, 0.0]"
1582762469295298041,,865,,1582762469,39407014,"""snp""",,,[],0,"[0.0, 0.0, 0.0]"
1582762469305589926,,866,,1582762469,39407014,"""snp""",,,[],0,"[0.0, 0.0, 0.0]"
1582762469315873568,,867,,1582762469,39407014,"""snp""",,,[],0,"[0.0, 0.0, 0.0]"
1582762469326142723,,868,,1582762469,39407014,"""snp""",,,[],0,"[0.0, 0.0, 0.0]"
1582762469336476065,,869,,1582762469,39407014,"""snp""",,,[],0,"[0.0, 0.0, 0.0]"
1582762469347103301,,870,,1582762469,39407014,"""snp""",,,[],0,"[0.0, 0.0, 0.0]"
1582762469357401108,,871,,1582762469,39407014,"""snp""",,,[],0,"[0.0, 0.0, 0.0]"
1582762469367619900,,872,,1582762469,39407014,"""snp""",,,[],0,"[0.0, 0.0, 0.0]"
1582762469377983713,,873,,1582762469,39407014,"""snp""",,,[],0,"[0.0, 0.0, 0.0]"
1582762469388228198,,874,,1582762469,39407014,"""snp""",,,[],0,"[0.0, 0.0, 0.0]"
1582762469398281414,,875,,1582762469,396274089,"""snp""",,,[],0,"[0.0, 0.0, 0.0]"
1582762469408733361,,876,,1582762469,396274089,"""snp""",,,[],0,"[0.0, 0.0, 0.0]"
1582762469418879977,,877,,1582762469,396274089,"""snp""",,,[],0,"[0.0, 0.0, 0.0]"
1582762469429280082,,878,,1582762469,396274089,"""snp""",,,[],0,"[0.0, 0.0, 0.0]"
1582762469439496313,,879,,1582762469,396274089,"""snp""",,,[],0,"[0.0, 0.0, 0.0]"
1582762469449670491,,880,,1582762469,396274089,"""snp""",,,[],0,"[0.0, 0.0, 0.0]"
1582762469459772315,,881,,1582762469,396274089,"""snp""",,,[],0,"[0.0, 0.0, 0.0]"
1582762469470195273,,882,,1582762469,396274089,"""snp""",,,[],0,"[0.0, 0.0, 0.0]"
1582762469480620500,,883,,1582762469,396274089,"""snp""",,,[],0,"[0.0, 0.0, 0.0]"
1582762469490899091,,884,,1582762469,396274089,"""snp""",,,[],0,"[0.0, 0.0, 0.0]"
1582762469501012087,,885,,1582762469,396274089,"""snp""",,,[],0,"[0.0, 0.0, 0.0]"
1582762469511270985,,886,,1582762469,396274089,"""snp""",,,[],0,"[0.0, 0.0, 0.0]"
1582762469521459689,,887,,1582762469,396274089,"""snp""",,,[],0,"[0.0, 0.0, 0.0]"
1582762469531650202,,888,,1582762469,396274089,"""snp""",,,[],0,"[0.0, 0.0, 0.0]"
1582762469542091173,,889,,1582762469,396274089,"""snp""",,,[],0,"[0.0, 0.0, 0.0]"
1582762469552067139,,890,,1582762469,550072908,"""snp""",,,[],0,"[0.0, 0.0, 0.0]"
1582762469562405000,,891,,1582762469,560110092,"""snp""",,,[],0,"[0.0, 0.0, 0.0]"
1582762469572896209,,892,,1582762469,568841934,"""snp""",,,[],0,"[0.0, 0.0, 0.0]"
1582762469582943266,,893,,1582762469,568841934,"""snp""",,,[],0,"[0.0, 0.0, 0.0]"
1582762469593254705,,894,,1582762469,568841934,"""snp""",,,[],0,"[0.0, 0.0, 0.0]"
1582762469603380988,,895,,1582762469,568841934,"""snp""",,,[],0,"[0.0, 0.0, 0.0]"
1582762469613613452,,896,,1582762469,568841934,"""snp""",,,[],0,"[0.0, 0.0, 0.0]"
1582762469623959653,,897,,1582762469,568841934,"""snp""",,,[],0,"[0.0, 0.0, 0.0]"
1582762469634015870,,898,,1582762469,568841934,"""snp""",,,[],0,"[0.0, 0.0, 0.0]"
1582762469644285730,,899,,1582762469,568841934,"""snp""",,,[],0,"[0.0, 0.0, 0.0]"
1582762469655657690,,900,,1582762469,568841934,"""snp""",,,[],0,"[0.0, 0.0, 0.0]"
1582762469664617576,,901,,1582762469,568841934,"""snp""",,,[],0,"[0.0, 0.0, 0.0]"
1582762469674700859,,902,,1582762469,568841934,"""snp""",,,[],0,"[0.0, 0.0, 0.0]"
1582762469684945552,,903,,1582762469,568841934,"""snp""",,,[],0,"[0.0, 0.0, 0.0]"
1582762469695275176,,904,,1582762469,568841934,"""snp""",,,[],0,"[0.0, 0.0, 0.0]"
1582762469705439922,,905,,1582762469,568841934,"""snp""",,,[],0,"[0.0, 0.0, 0.0]"
1582762469715670500,,906,,1582762469,568841934,"""snp""",,,[],0,"[0.0, 0.0, 0.0]"
1582762469725848200,,907,,1582762469,568841934,"""snp""",,,[],0,"[0.0, 0.0, 0.0]"
1582762469736105445,,908,,1582762469,568841934,"""snp""",,,[],0,"[0.0, 0.0, 0.0]"
1582762469746236720,,909,,1582762469,568841934,"""snp""",,,[],0,"[0.0, 0.0, 0.0]"
1582762469756537868,,910,,1582762469,568841934,"""snp""",,,[],0,"[0.0, 0.0, 0.0]"
1582762469766790600,,911,,1582762469,568841934,"""snp""",,,[],0,"[0.0, 0.0, 0.0]"
1582762469777114135,,912,,1582762469,568841934,"""snp""",,,[],0,"[0.0, 0.0, 0.0]"
1582762469787344684,,913,,1582762469,568841934,"""snp""",,,[],0,"[0.0, 0.0, 0.0]"
1582762469797463731,,914,,1582762469,568841934,"""snp""",,,[],0,"[0.0, 0.0, 0.0]"
1582762469807724054,,915,,1582762469,568841934,"""snp""",,,[],0,"[0.0, 0.0, 0.0]"
1582762469817830071,,916,,1582762469,568841934,"""snp""",,,[],0,"[0.0, 0.0, 0.0]"
1582762469828063661,,917,,1582762469,568841934,"""snp""",,,[],0,"[0.0, 0.0, 0.0]"
1582762469838233896,,918,,1582762469,568841934,"""snp""",,,[],0,"[0.0, 0.0, 0.0]"
1582762469848265865,,919,,1582762469,568841934,"""snp""",,,[],0,"[0.0, 0.0, 0.0]"
1582762469858866356,,920,,1582762469,568841934,"""snp""",,,[],0,"[0.0, 0.0, 0.0]"
1582762469869022630,,921,,1582762469,568841934,"""snp""",,,[],0,"[0.0, 0.0, 0.0]"
1582762469879143744,,922,,1582762469,568841934,"""snp""",,,[],0,"[0.0, 0.0, 0.0]"
1582762469889245534,,923,,1582762469,568841934,"""snp""",,,[],0,"[0.0, 0.0, 0.0]"
1582762469899420855,,924,,1582762469,568841934,"""snp""",,,[],0,"[0.0, 0.0, 0.0]"
1582762469909584804,,925,,1582762469,568841934,"""snp""",,,[],0,"[0.0, 0.0, 0.0]"
1582762469920068162,,926,,1582762469,568841934,"""snp""",,,[],0,"[0.0, 0.0, 0.0]"
1582762469930067143,,927,,1582762469,926403045,"""snp""",,,[],0,"[0.0, 0.0, 0.0]"
1582762469940191358,,928,,1582762469,926403045,"""snp""",,,[],0,"[0.0, 0.0, 0.0]"
1582762469950313833,,929,,1582762469,926403045,"""snp""",,,[],0,"[0.0, 0.0, 0.0]"
1582762469960571938,,930,,1582762469,926403045,"""snp""",,,[],0,"[0.0, 0.0, 0.0]"
1582762469970809615,,931,,1582762469,926403045,"""snp""",,,[],0,"[0.0, 0.0, 0.0]"
1582762469981040150,,932,,1582762469,926403045,"""snp""",,,[],0,"[0.0, 0.0, 0.0]"
1582762469991402399,,933,,1582762469,926403045,"""snp""",,,[],0,"[0.0, 0.0, 0.0]"
1582762470001443970,,934,,1582762470,397920,"""snp""",,,[],0,"[0.0, 0.0, 0.0]"
1582762470011843217,,935,,1582762470,2934932,"""snp""",,,[],0,"[0.0, 0.0, 0.0]"
1582762470022292388,,936,,1582762470,2934932,"""snp""",,,[],0,"[0.0, 0.0, 0.0]"
1582762470032624550,,937,,1582762470,2934932,"""snp""",,,[],0,"[0.0, 0.0, 0.0]"
1582762470042901472,,938,,1582762470,2934932,"""snp""",,,[],0,"[0.0, 0.0, 0.0]"
1582762470053216531,,939,,1582762470,2934932,"""snp""",,,[],0,"[0.0, 0.0, 0.0]"
1582762470063471035,,940,,1582762470,2934932,"""snp""",,,[],0,"[0.0, 0.0, 0.0]"
1582762470073732187,,941,,1582762470,2934932,"""snp""",,,[],0,"[0.0, 0.0, 0.0]"
1582762470083946958,,942,,1582762470,2934932,"""snp""",,,[],0,"[0.0, 0.0, 0.0]"
1582762470094466445,,943,,1582762470,2934932,"""snp""",,,[],0,"[0.0, 0.0, 0.0]"
1582762470104795706,,944,,1582762470,2934932,"""snp""",,,[],0,"[0.0, 0.0, 0.0]"
1582762470115153012,,945,,1582762470,2934932,"""snp""",,,[],0,"[0.0, 0.0, 0.0]"
1582762470125347624,,946,,1582762470,2934932,"""snp""",,,[],0,"[0.0, 0.0, 0.0]"
1582762470135644478,,947,,1582762470,2934932,"""snp""",,,[],0,"[0.0, 0.0, 0.0]"
1582762470145957748,,948,,1582762470,2934932,"""snp""",,,[],0,"[0.0, 0.0, 0.0]"
1582762470156286653,,949,,1582762470,2934932,"""snp""",,,[],0,"[0.0, 0.0, 0.0]"
1582762470166556556,,950,,1582762470,2934932,"""snp""",,,[],0,"[0.0, 0.0, 0.0]"
1582762470176738862,,951,,1582762470,2934932,"""snp""",,,[],0,"[0.0, 0.0, 0.0]"
1582762470187277530,,952,,1582762470,2934932,"""snp""",,,[],0,"[0.0, 0.0, 0.0]"
1582762470197571390,,953,,1582762470,2934932,"""snp""",,,[],0,"[0.0, 0.0, 0.0]"
1582762470207848155,,954,,1582762470,2934932,"""snp""",,,[],0,"[0.0, 0.0, 0.0]"
1582762470218142357,,955,,1582762470,2934932,"""snp""",,,[],0,"[0.0, 0.0, 0.0]"
1582762470228450362,,956,,1582762470,2934932,"""snp""",,,[],0,"[0.0, 0.0, 0.0]"
1582762470238738273,,957,,1582762470,2934932,"""snp""",,,[],0,"[0.0, 0.0, 0.0]"
1582762470249066724,,958,,1582762470,2934932,"""snp""",,,[],0,"[0.0, 0.0, 0.0]"
1582762470259371847,,959,,1582762470,2934932,"""snp""",,,[],0,"[0.0, 0.0, 0.0]"
1582762470269638401,,960,,1582762470,2934932,"""snp""",,,[],0,"[0.0, 0.0, 0.0]"
1582762470279968947,,961,,1582762470,2934932,"""snp""",,,[],0,"[0.0, 0.0, 0.0]"
1582762470290308383,,962,,1582762470,2934932,"""snp""",,,[],0,"[0.0, 0.0, 0.0]"
1582762470300567113,,963,,1582762470,2934932,"""snp""",,,[],0,"[0.0, 0.0, 0.0]"
1582762470311028398,,964,,1582762470,2934932,"""snp""",,,[],0,"[0.0, 0.0, 0.0]"
1582762470321375636,,965,,1582762470,2934932,"""snp""",,,[],0,"[0.0, 0.0, 0.0]"
1582762470331609478,,966,,1582762470,2934932,"""snp""",,,[],0,"[0.0, 0.0, 0.0]"
1582762470341860025,,967,,1582762470,2934932,"""snp""",,,[],0,"[0.0, 0.0, 0.0]"
1582762470352150068,,968,,1582762470,2934932,"""snp""",,,[],0,"[0.0, 0.0, 0.0]"
1582762470362440430,,969,,1582762470,2934932,"""snp""",,,[],0,"[0.0, 0.0, 0.0]"
1582762470372742310,,970,,1582762470,2934932,"""snp""",,,[],0,"[0.0, 0.0, 0.0]"
1582762470383019653,,971,,1582762470,2934932,"""snp""",,,[],0,"[0.0, 0.0, 0.0]"
1582762470393360882,,972,,1582762470,2934932,"""snp""",,,[],0,"[0.0, 0.0, 0.0]"
1582762470403680805,,973,,1582762470,2934932,"""snp""",,,[],0,"[0.0, 0.0, 0.0]"
1582762470414014177,,974,,1582762470,2934932,"""snp""",,,[],0,"[0.0, 0.0, 0.0]"
1582762470424281183,,975,,1582762470,2934932,"""snp""",,,[],0,"[0.0, 0.0, 0.0]"
1582762470434648544,,976,,1582762470,2934932,"""snp""",,,[],0,"[0.0, 0.0, 0.0]"
1582762470444871645,,977,,1582762470,2934932,"""snp""",,,[],0,"[0.0, 0.0, 0.0]"
1582762470455280416,,978,,1582762470,2934932,"""snp""",,,[],0,"[0.0, 0.0, 0.0]"
1582762470465652269,,979,,1582762470,2934932,"""snp""",,,[],0,"[0.0, 0.0, 0.0]"
1582762470474890878,,980,,1582762470,2934932,"""snp""",,,[],0,"[0.0, 0.0, 0.0]"
1582762470485172461,,981,,1582762470,2934932,"""snp""",,,[],0,"[0.0, 0.0, 0.0]"
1582762470495421219,,982,,1582762470,2934932,"""snp""",,,[],0,"[0.0, 0.0, 0.0]"
1582762470505655712,,983,,1582762470,2934932,"""snp""",,,[],0,"[0.0, 0.0, 0.0]"
1582762470515951877,,984,,1582762470,2934932,"""snp""",,,[],0,"[0.0, 0.0, 0.0]"
1582762470526275024,,985,,1582762470,2934932,"""snp""",,,[],0,"[0.0, 0.0, 0.0]"
1582762470536892679,,986,,1582762470,2934932,"""snp""",,,[],0,"[0.0, 0.0, 0.0]"
1582762470547184930,,987,,1582762470,2934932,"""snp""",,,[],0,"[0.0, 0.0, 0.0]"
1582762470557447638,,988,,1582762470,2934932,"""snp""",,,[],0,"[0.0, 0.0, 0.0]"
1582762470567386936,,989,,1582762470,2934932,"""snp""",,,[],0,"[0.0, 0.0, 0.0]"
1582762470577209821,,990,,1582762470,2934932,"""snp""",,,[],0,"[0.0, 0.0, 0.0]"
1582762470587468296,,991,,1582762470,2934932,"""snp""",,,[],0,"[0.0, 0.0, 0.0]"
1582762470597692412,,992,,1582762470,2934932,"""snp""",,,[],0,"[0.0, 0.0, 0.0]"
1582762470607999750,,993,,1582762470,2934932,"""snp""",,,[],0,"[0.0, 0.0, 0.0]"
1582762470618442739,,994,,1582762470,2934932,"""snp""",,,[],0,"[0.0, 0.0, 0.0]"
1582762470628948632,,995,,1582762470,2934932,"""snp""",,,[],0,"[0.0, 0.0, 0.0]"
1582762470639211661,,996,,1582762470,2934932,"""snp""",,,[],0,"[0.0, 0.0, 0.0]"
1582762470649509516,,997,,1582762470,2934932,"""snp""",,,[],0,"[0.0, 0.0, 0.0]"
1582762470659795257,,998,,1582762470,2934932,"""snp""",,,[],0,"[0.0, 0.0, 0.0]"
1582762470670137442,,999,,1582762470,2934932,"""snp""",,,[],0,"[0.0, 0.0, 0.0]"
1582762470680501416,,1000,,1582762470,2934932,"""snp""",,,[],0,"[0.0, 0.0, 0.0]"
1582762470690711524,,1001,,1582762470,2934932,"""snp""",,,[],0,"[0.0, 0.0, 0.0]"
1582762470701007484,,1002,,1582762470,2934932,"""snp""",,,[],0,"[0.0, 0.0, 0.0]"
1582762470711302605,,1003,,1582762470,2934932,"""snp""",,,[],0,"[0.0, 0.0, 0.0]"
1582762470721564674,,1004,,1582762470,2934932,"""snp""",,,[],0,"[0.0, 0.0, 0.0]"
1582762470731854277,,1005,,1582762470,2934932,"""snp""",,,[],0,"[0.0, 0.0, 0.0]"
1582762470742104074,,1006,,1582762470,2934932,"""snp""",,,[],0,"[0.0, 0.0, 0.0]"
1582762470752443728,,1007,,1582762470,2934932,"""snp""",,,[],0,"[0.0, 0.0, 0.0]"
1582762470762631277,,1008,,1582762470,2934932,"""snp""",,,[],0,"[0.0, 0.0, 0.0]"
1582762470772956421,,1009,,1582762470,2934932,"""snp""",,,[],0,"[0.0, 0.0, 0.0]"
1582762470783180470,,1010,,1582762470,2934932,"""snp""",,,[],0,"[0.0, 0.0, 0.0]"
1582762470793502934,,1011,,1582762470,2934932,"""snp""",,,[],0,"[0.0, 0.0, 0.0]"
1582762470803789673,,1012,,1582762470,2934932,"""snp""",,,[],0,"[0.0, 0.0, 0.0]"
1582762470814090308,,1013,,1582762470,2934932,"""snp""",,,[],0,"[0.0, 0.0, 0.0]"
1582762470824312451,,1014,,1582762470,2934932,"""snp""",,,[],0,"[0.0, 0.0, 0.0]"
1582762470834792779,,1015,,1582762470,2934932,"""snp""",,,[],0,"[0.0, 0.0, 0.0]"
1582762470845120769,,1016,,1582762470,2934932,"""snp""",,,[],0,"[0.0, 0.0, 0.0]"
1582762470855715588,,1017,,1582762470,2934932,"""snp""",,,[],0,"[0.0, 0.0, 0.0]"
1582762470865495515,,1018,,1582762470,2934932,"""snp""",,,[],0,"[0.0, 0.0, 0.0]"
1582762470875847179,,1019,,1582762470,2934932,"""snp""",,,[],0,"[0.0, 0.0, 0.0]"
1582762470886351500,,1020,,1582762470,2934932,"""snp""",,,[],0,"[0.0, 0.0, 0.0]"
1582762470896584699,,1021,,1582762470,2934932,"""snp""",,,[],0,"[0.0, 0.0, 0.0]"
1582762470906819611,,1022,,1582762470,2934932,"""snp""",,,[],0,"[0.0, 0.0, 0.0]"
1582762470917158363,,1023,,1582762470,2934932,"""snp""",,,[],0,"[0.0, 0.0, 0.0]"
1582762470927349079,,1024,,1582762470,2934932,"""snp""",,,[],0,"[0.0, 0.0, 0.0]"
1582762470937974124,,1025,,1582762470,2934932,"""snp""",,,[],0,"[0.0, 0.0, 0.0]"
1582762470948292912,,1026,,1582762470,2934932,"""snp""",,,[],0,"[0.0, 0.0, 0.0]"
1582762470958576371,,1027,,1582762470,2934932,"""snp""",,,[],0,"[0.0, 0.0, 0.0]"
1582762470968873423,,1028,,1582762470,2934932,"""snp""",,,[],0,"[0.0, 0.0, 0.0]"
1582762470979145916,,1029,,1582762470,2934932,"""snp""",,,[],0,"[0.0, 0.0, 0.0]"
1582762470989449633,,1030,,1582762470,2934932,"""snp""",,,[],0,"[0.0, 0.0, 0.0]"
1582762470999758315,,1031,,1582762470,2934932,"""snp""",,,[],0,"[0.0, 0.0, 0.0]"
1582762471010075731,,1032,,1582762470,2934932,"""snp""",,,[],0,"[0.0, 0.0, 0.0]"
1582762471020401472,,1033,,1582762470,2934932,"""snp""",,,[],0,"[0.0, 0.0, 0.0]"
1582762471030705832,,1034,,1582762470,2934932,"""snp""",,,[],0,"[0.0, 0.0, 0.0]"
1582762471041008716,,1035,,1582762470,2934932,"""snp""",,,[],0,"[0.0, 0.0, 0.0]"
1582762471051284975,,1036,,1582762470,2934932,"""snp""",,,[],0,"[0.0, 0.0, 0.0]"
1582762471061611453,,1037,,1582762470,2934932,"""snp""",,,[],0,"[0.0, 0.0, 0.0]"
1582762471071895166,,1038,,1582762470,2934932,"""snp""",,,[],0,"[0.0, 0.0, 0.0]"
1582762471082184382,,1039,,1582762470,2934932,"""snp""",,,[],0,"[0.0, 0.0, 0.0]"
1582762471092552412,,1040,,1582762470,2934932,"""snp""",,,[],0,"[0.0, 0.0, 0.0]"
1582762471102794209,,1041,,1582762470,2934932,"""snp""",,,[],0,"[0.0, 0.0, 0.0]"
1582762471112764585,,1042,,1582762470,2934932,"""snp""",,,[],0,"[0.0, 0.0, 0.0]"
1582762471123430216,,1043,,1582762470,2934932,"""snp""",,,[],0,"[0.0, 0.0, 0.0]"
1582762471133499673,,1044,,1582762470,2934932,"""snp""",,,[],0,"[0.0, 0.0, 0.0]"
1582762471143821358,,1045,,1582762470,2934932,"""snp""",,,[],0,"[0.0, 0.0, 0.0]"
1582762471154070645,,1046,,1582762470,2934932,"""snp""",,,[],0,"[0.0, 0.0, 0.0]"
1582762471164400437,,1047,,1582762470,2934932,"""snp""",,,[],0,"[0.0, 0.0, 0.0]"
1582762471174614624,,1048,,1582762470,2934932,"""snp""",,,[],0,"[0.0, 0.0, 0.0]"
1582762471185010177,,1049,,1582762470,2934932,"""snp""",,,[],0,"[0.0, 0.0, 0.0]"
1582762471195271022,,1050,,1582762470,2934932,"""snp""",,,[],0,"[0.0, 0.0, 0.0]"
1582762471205547724,,1051,,1582762470,2934932,"""snp""",,,[],0,"[0.0, 0.0, 0.0]"
1582762471215856639,,1052,,1582762470,2934932,"""snp""",,,[],0,"[0.0, 0.0, 0.0]"
1582762471226114757,,1053,,1582762470,2934932,"""snp""",,,[],0,"[0.0, 0.0, 0.0]"
1582762471236431034,,1054,,1582762470,2934932,"""snp""",,,[],0,"[0.0, 0.0, 0.0]"
1582762471246680516,,1055,,1582762470,2934932,"""snp""",,,[],0,"[0.0, 0.0, 0.0]"
1582762471256937763,,1056,,1582762470,2934932,"""snp""",,,[],0,"[0.0, 0.0, 0.0]"
1582762471267342817,,1057,,1582762470,2934932,"""snp""",,,[],0,"[0.0, 0.0, 0.0]"
1582762471277559379,,1058,,1582762470,2934932,"""snp""",,,[],0,"[0.0, 0.0, 0.0]"
1582762471287861635,,1059,,1582762470,2934932,"""snp""",,,[],0,"[0.0, 0.0, 0.0]"
1582762471298161327,,1060,,1582762470,2934932,"""snp""",,,[],0,"[0.0, 0.0, 0.0]"
1582762471308170664,,1061,,1582762470,2934932,"""snp""",,,[],0,"[0.0, 0.0, 0.0]"
1582762471318456945,,1062,,1582762470,2934932,"""snp""",,,[],0,"[0.0, 0.0, 0.0]"
1582762471328884372,,1063,,1582762470,2934932,"""snp""",,,[],0,"[0.0, 0.0, 0.0]"
1582762471339025900,,1064,,1582762470,2934932,"""snp""",,,[],0,"[0.0, 0.0, 0.0]"
1582762471349390904,,1065,,1582762470,2934932,"""snp""",,,[],0,"[0.0, 0.0, 0.0]"
1582762471359694250,,1066,,1582762470,2934932,"""snp""",,,[],0,"[0.0, 0.0, 0.0]"
1582762471370026200,,1067,,1582762470,2934932,"""snp""",,,[],0,"[0.0, 0.0, 0.0]"
1582762471380375875,,1068,,1582762470,2934932,"""snp""",,,[],0,"[0.0, 0.0, 0.0]"
1582762471390623647,,1069,,1582762470,2934932,"""snp""",,,[],0,"[0.0, 0.0, 0.0]"
1582762471400947630,,1070,,1582762470,2934932,"""snp""",,,[],0,"[0.0, 0.0, 0.0]"
1582762471411238348,,1071,,1582762470,2934932,"""snp""",,,[],0,"[0.0, 0.0, 0.0]"
1582762471421553389,,1072,,1582762470,2934932,"""snp""",,,[],0,"[0.0, 0.0, 0.0]"
1582762471431805664,,1073,,1582762470,2934932,"""snp""",,,[],0,"[0.0, 0.0, 0.0]"
1582762471442071993,,1074,,1582762470,2934932,"""snp""",,,[],0,"[0.0, 0.0, 0.0]"
1582762471452397803,,1075,,1582762470,2934932,"""snp""",,,[],0,"[0.0, 0.0, 0.0]"
1582762471462666808,,1076,,1582762470,2934932,"""snp""",,,[],0,"[0.0, 0.0, 0.0]"
1582762471473010516,,1077,,1582762470,2934932,"""snp""",,,[],0,"[0.0, 0.0, 0.0]"
1582762471483414294,,1078,,1582762470,2934932,"""snp""",,,[],0,"[0.0, 0.0, 0.0]"
1582762471493476408,,1079,,1582762470,2934932,"""snp""",,,[],0,"[0.0, 0.0, 0.0]"
1582762471503767473,,1080,,1582762470,2934932,"""snp""",,,[],0,"[0.0, 0.0, 0.0]"
1582762471514571638,,1081,,1582762470,2934932,"""snp""",,,[],0,"[0.0, 0.0, 0.0]"
1582762471524398895,,1082,,1582762470,2934932,"""snp""",,,[],0,"[0.0, 0.0, 0.0]"
1582762471535731945,,1083,,1582762470,2934932,"""snp""",,,[],0,"[0.0, 0.0, 0.0]"
1582762471546017653,,1084,,1582762470,2934932,"""snp""",,,[],0,"[0.0, 0.0, 0.0]"
1582762471556307022,,1085,,1582762470,2934932,"""snp""",,,[],0,"[0.0, 0.0, 0.0]"
1582762471566599175,,1086,,1582762470,2934932,"""snp""",,,[],0,"[0.0, 0.0, 0.0]"
1582762471576016968,,1087,,1582762470,2934932,"""snp""",,,[],0,"[0.0, 0.0, 0.0]"
1582762471586307712,,1088,,1582762470,2934932,"""snp""",,,[],0,"[0.0, 0.0, 0.0]"
1582762471596598206,,1089,,1582762470,2934932,"""snp""",,,[],0,"[0.0, 0.0, 0.0]"
1582762471606694653,,1090,,1582762470,2934932,"""snp""",,,[],0,"[0.0, 0.0, 0.0]"
1582762471616941703,,1091,,1582762470,2934932,"""snp""",,,[],0,"[0.0, 0.0, 0.0]"
1582762471627461724,,1092,,1582762470,2934932,"""snp""",,,[],0,"[0.0, 0.0, 0.0]"
1582762471637847824,,1093,,1582762470,2934932,"""snp""",,,[],0,"[0.0, 0.0, 0.0]"
1582762471648180103,,1094,,1582762470,2934932,"""snp""",,,[],0,"[0.0, 0.0, 0.0]"
1582762471658538221,,1095,,1582762470,2934932,"""snp""",,,[],0,"[0.0, 0.0, 0.0]"
1582762471668922564,,1096,,1582762470,2934932,"""snp""",,,[],0,"[0.0, 0.0, 0.0]"
1582762471679169584,,1097,,1582762470,2934932,"""snp""",,,[],0,"[0.0, 0.0, 0.0]"
1582762471689666908,,1098,,1582762470,2934932,"""snp""",,,[],0,"[0.0, 0.0, 0.0]"
1582762471700004313,,1099,,1582762470,2934932,"""snp""",,,[],0,"[0.0, 0.0, 0.0]"
1582762471710374912,,1100,,1582762470,2934932,"""snp""",,,[],0,"[0.0, 0.0, 0.0]"
1582762471720737038,,1101,,1582762470,2934932,"""snp""",,,[],0,"[0.0, 0.0, 0.0]"
1582762471731059457,,1102,,1582762470,2934932,"""snp""",,,[],0,"[0.0, 0.0, 0.0]"
1582762471741437665,,1103,,1582762470,2934932,"""snp""",,,[],0,"[0.0, 0.0, 0.0]"
1582762471751744529,,1104,,1582762470,2934932,"""snp""",,,[],0,"[0.0, 0.0, 0.0]"
1582762471761913776,,1105,,1582762470,2934932,"""snp""",,,[],0,"[0.0, 0.0, 0.0]"
1582762471772271414,,1106,,1582762470,2934932,"""snp""",,,[],0,"[0.0, 0.0, 0.0]"
1582762471782788749,,1107,,1582762470,2934932,"""snp""",,,[],0,"[0.0, 0.0, 0.0]"
1582762471792966880,,1108,,1582762470,2934932,"""snp""",,,[],0,"[0.0, 0.0, 0.0]"
1582762471802956524,,1109,,1582762470,2934932,"""snp""",,,[],0,"[0.0, 0.0, 0.0]"
1582762471813252938,,1110,,1582762470,2934932,"""snp""",,,[],0,"[0.0, 0.0, 0.0]"
1582762471823880655,,1111,,1582762470,2934932,"""snp""",,,[],0,"[0.0, 0.0, 0.0]"
1582762471834195690,,1112,,1582762470,2934932,"""snp""",,,[],0,"[0.0, 0.0, 0.0]"
1582762471844566760,,1113,,1582762470,2934932,"""snp""",,,[],0,"[0.0, 0.0, 0.0]"
1582762471855088583,,1114,,1582762470,2934932,"""snp""",,,[],0,"[0.0, 0.0, 0.0]"
1582762471864195656,,1115,,1582762470,2934932,"""snp""",,,[],0,"[0.0, 0.0, 0.0]"
1582762471874897747,,1116,,1582762470,2934932,"""snp""",,,[],0,"[0.0, 0.0, 0.0]"
1582762471885366942,,1117,,1582762470,2934932,"""snp""",,,[],0,"[0.0, 0.0, 0.0]"
1582762471895642608,,1118,,1582762470,2934932,"""snp""",,,[],0,"[0.0, 0.0, 0.0]"
1582762471905892502,,1119,,1582762470,2934932,"""snp""",,,[],0,"[0.0, 0.0, 0.0]"
1582762471916103574,,1120,,1582762470,2934932,"""snp""",,,[],0,"[0.0, 0.0, 0.0]"
1582762471926387113,,1121,,1582762470,2934932,"""snp""",,,[],0,"[0.0, 0.0, 0.0]"
1582762471936688014,,1122,,1582762470,2934932,"""snp""",,,[],0,"[0.0, 0.0, 0.0]"
1582762471946994437,,1123,,1582762470,2934932,"""snp""",,,[],0,"[0.0, 0.0, 0.0]"
1582762471957306466,,1124,,1582762470,2934932,"""snp""",,,[],0,"[0.0, 0.0, 0.0]"
1582762471967567298,,1125,,1582762470,2934932,"""snp""",,,[],0,"[0.0, 0.0, 0.0]"
1582762471977766250,,1126,,1582762470,2934932,"""snp""",,,[],0,"[0.0, 0.0, 0.0]"
1582762471988106927,,1127,,1582762470,2934932,"""snp""",,,[],0,"[0.0, 0.0, 0.0]"
1582762471998370146,,1128,,1582762470,2934932,"""snp""",,,[],0,"[0.0, 0.0, 0.0]"
1582762472007950172,,1129,,1582762470,2934932,"""snp""",,,[],0,"[0.0, 0.0, 0.0]"
1582762472018291302,,1130,,1582762470,2934932,"""snp""",,,[],0,"[0.0, 0.0, 0.0]"
1582762472028424078,,1131,,1582762470,2934932,"""snp""",,,[],0,"[0.0, 0.0, 0.0]"
1582762472039324291,,1132,,1582762470,2934932,"""snp""",,,[],0,"[0.0, 0.0, 0.0]"
1582762472049631089,,1133,,1582762470,2934932,"""snp""",,,[],0,"[0.0, 0.0, 0.0]"
1582762472059805578,,1134,,1582762470,2934932,"""snp""",,,[],0,"[0.0, 0.0, 0.0]"
1582762472070053191,,1135,,1582762470,2934932,"""snp""",,,[],0,"[0.0, 0.0, 0.0]"
1582762472080172470,,1136,,1582762470,2934932,"""snp""",,,[],0,"[0.0, 0.0, 0.0]"
1582762472090500041,,1137,,1582762470,2934932,"""snp""",,,[],0,"[0.0, 0.0, 0.0]"
1582762472101211647,,1138,,1582762470,2934932,"""snp""",,,[],0,"[0.0, 0.0, 0.0]"
1582762472111351304,,1139,,1582762470,2934932,"""snp""",,,[],0,"[0.0, 0.0, 0.0]"
1582762472121640675,,1140,,1582762470,2934932,"""snp""",,,[],0,"[0.0, 0.0, 0.0]"
1582762472132045280,,1141,,1582762470,2934932,"""snp""",,,[],0,"[0.0, 0.0, 0.0]"
1582762472142537910,,1142,,1582762470,2934932,"""snp""",,,[],0,"[0.0, 0.0, 0.0]"
1582762472152779990,,1143,,1582762470,2934932,"""snp""",,,[],0,"[0.0, 0.0, 0.0]"
1582762472163091998,,1144,,1582762470,2934932,"""snp""",,,[],0,"[0.0, 0.0, 0.0]"
1582762472173523480,,1145,,1582762470,2934932,"""snp""",,,[],0,"[0.0, 0.0, 0.0]"
1582762472183820299,,1146,,1582762470,2934932,"""snp""",,,[],0,"[0.0, 0.0, 0.0]"
1582762472194113472,,1147,,1582762470,2934932,"""snp""",,,[],0,"[0.0, 0.0, 0.0]"
1582762472204411909,,1148,,1582762470,2934932,"""snp""",,,[],0,"[0.0, 0.0, 0.0]"
1582762472214704611,,1149,,1582762470,2934932,"""snp""",,,[],0,"[0.0, 0.0, 0.0]"
1582762472225047797,,1150,,1582762470,2934932,"""snp""",,,[],0,"[0.0, 0.0, 0.0]"
1582762472235322257,,1151,,1582762470,2934932,"""snp""",,,[],0,"[0.0, 0.0, 0.0]"
1582762472245608277,,1152,,1582762470,2934932,"""snp""",,,[],0,"[0.0, 0.0, 0.0]"
1582762472255922632,,1153,,1582762470,2934932,"""snp""",,,[],0,"[0.0, 0.0, 0.0]"
1582762472266202739,,1154,,1582762470,2934932,"""snp""",,,[],0,"[0.0, 0.0, 0.0]"
1582762472276545396,,1155,,1582762470,2934932,"""snp""",,,[],0,"[0.0, 0.0, 0.0]"
1582762472286862695,,1156,,1582762470,2934932,"""snp""",,,[],0,"[0.0, 0.0, 0.0]"
1582762472297159607,,1157,,1582762470,2934932,"""snp""",,,[],0,"[0.0, 0.0, 0.0]"
1582762472307425267,,1158,,1582762470,2934932,"""snp""",,,[],0,"[0.0, 0.0, 0.0]"
1582762472317715780,,1159,,1582762470,2934932,"""snp""",,,[],0,"[0.0, 0.0, 0.0]"
1582762472328137726,,1160,,1582762470,2934932,"""snp""",,,[],0,"[0.0, 0.0, 0.0]"
1582762472338302918,,1161,,1582762470,2934932,"""snp""",,,[],0,"[0.0, 0.0, 0.0]"
1582762472348592200,,1162,,1582762470,2934932,"""snp""",,,[],0,"[0.0, 0.0, 0.0]"
1582762472358892086,,1163,,1582762470,2934932,"""snp""",,,[],0,"[0.0, 0.0, 0.0]"
1582762472369269638,,1164,,1582762470,2934932,"""snp""",,,[],0,"[0.0, 0.0, 0.0]"
1582762472379450431,,1165,,1582762470,2934932,"""snp""",,,[],0,"[0.0, 0.0, 0.0]"
1582762472389866155,,1166,,1582762470,2934932,"""snp""",,,[],0,"[0.0, 0.0, 0.0]"
1582762472399991024,,1167,,1582762470,2934932,"""snp""",,,[],0,"[0.0, 0.0, 0.0]"
1582762472410257101,,1168,,1582762470,2934932,"""snp""",,,[],0,"[0.0, 0.0, 0.0]"
1582762472420666217,,1169,,1582762470,2934932,"""snp""",,,[],0,"[0.0, 0.0, 0.0]"
1582762472430851468,,1170,,1582762470,2934932,"""snp""",,,[],0,"[0.0, 0.0, 0.0]"
1582762472441093072,,1171,,1582762470,2934932,"""snp""",,,[],0,"[0.0, 0.0, 0.0]"
1582762472451339357,,1172,,1582762470,2934932,"""snp""",,,[],0,"[0.0, 0.0, 0.0]"
1582762472461822794,,1173,,1582762470,2934932,"""snp""",,,[],0,"[0.0, 0.0, 0.0]"
1582762472472117451,,1174,,1582762470,2934932,"""snp""",,,[],0,"[0.0, 0.0, 0.0]"
1582762472482360107,,1175,,1582762470,2934932,"""snp""",,,[],0,"[0.0, 0.0, 0.0]"
1582762472492906811,,1176,,1582762470,2934932,"""snp""",,,[],0,"[0.0, 0.0, 0.0]"
1582762472503173464,,1177,,1582762470,2934932,"""snp""",,,[],0,"[0.0, 0.0, 0.0]"
1582762472513468322,,1178,,1582762470,2934932,"""snp""",,,[],0,"[0.0, 0.0, 0.0]"
1582762472523776393,,1179,,1582762470,2934932,"""snp""",,,[],0,"[0.0, 0.0, 0.0]"
1582762472534064622,,1180,,1582762470,2934932,"""snp""",,,[],0,"[0.0, 0.0, 0.0]"
1582762472544424999,,1181,,1582762470,2934932,"""snp""",,,[],0,"[0.0, 0.0, 0.0]"
1582762472554687598,,1182,,1582762470,2934932,"""snp""",,,[],0,"[0.0, 0.0, 0.0]"
1582762472565059941,,1183,,1582762470,2934932,"""snp""",,,[],0,"[0.0, 0.0, 0.0]"
1582762472574479156,,1184,,1582762470,2934932,"""snp""",,,[],0,"[0.0, 0.0, 0.0]"
1582762472584630724,,1185,,1582762470,2934932,"""snp""",,,[],0,"[0.0, 0.0, 0.0]"
1582762472594929480,,1186,,1582762470,2934932,"""snp""",,,[],0,"[0.0, 0.0, 0.0]"
1582762472605048794,,1187,,1582762470,2934932,"""snp""",,,[],0,"[0.0, 0.0, 0.0]"
1582762472615308017,,1188,,1582762470,2934932,"""snp""",,,[],0,"[0.0, 0.0, 0.0]"
1582762472625558687,,1189,,1582762470,2934932,"""snp""",,,[],0,"[0.0, 0.0, 0.0]"
1582762472635726179,,1190,,1582762470,2934932,"""snp""",,,[],0,"[0.0, 0.0, 0.0]"
1582762472646059958,,1191,,1582762470,2934932,"""snp""",,,[],0,"[0.0, 0.0, 0.0]"
1582762472656506399,,1192,,1582762470,2934932,"""snp""",,,[],0,"[0.0, 0.0, 0.0]"
1582762472666919472,,1193,,1582762470,2934932,"""snp""",,,[],0,"[0.0, 0.0, 0.0]"
1582762472677253583,,1194,,1582762470,2934932,"""snp""",,,[],0,"[0.0, 0.0, 0.0]"
1582762472687471297,,1195,,1582762470,2934932,"""snp""",,,[],0,"[0.0, 0.0, 0.0]"
1582762472697676238,,1196,,1582762470,2934932,"""snp""",,,[],0,"[0.0, 0.0, 0.0]"
1582762472707981063,,1197,,1582762470,2934932,"""snp""",,,[],0,"[0.0, 0.0, 0.0]"
1582762472718357317,,1198,,1582762470,2934932,"""snp""",,,[],0,"[0.0, 0.0, 0.0]"
1582762472728314542,,1199,,1582762470,2934932,"""snp""",,,[],0,"[0.0, 0.0, 0.0]"
1582762472738754278,,1200,,1582762470,2934932,"""snp""",,,[],0,"[0.0, 0.0, 0.0]"
1582762472748945193,,1201,,1582762470,2934932,"""snp""",,,[],0,"[0.0, 0.0, 0.0]"
1582762472758771411,,1202,,1582762470,2934932,"""snp""",,,[],0,"[0.0, 0.0, 0.0]"
1582762472768713563,,1203,,1582762470,2934932,"""snp""",,,[],0,"[0.0, 0.0, 0.0]"
1582762472778796455,,1204,,1582762470,2934932,"""snp""",,,[],0,"[0.0, 0.0, 0.0]"
1582762472788885025,,1205,,1582762470,2934932,"""snp""",,,[],0,"[0.0, 0.0, 0.0]"
1582762472799240100,,1206,,1582762470,2934932,"""snp""",,,[],0,"[0.0, 0.0, 0.0]"
1582762472809265831,,1207,,1582762470,2934932,"""snp""",,,[],0,"[0.0, 0.0, 0.0]"
1582762472819445665,,1208,,1582762470,2934932,"""snp""",,,[],0,"[0.0, 0.0, 0.0]"
1582762472829612418,,1209,,1582762470,2934932,"""snp""",,,[],0,"[0.0, 0.0, 0.0]"
1582762472840082297,,1210,,1582762470,2934932,"""snp""",,,[],0,"[0.0, 0.0, 0.0]"
1582762472849996060,,1211,,1582762470,2934932,"""snp""",,,[],0,"[0.0, 0.0, 0.0]"
1582762472860071377,,1212,,1582762470,2934932,"""snp""",,,[],0,"[0.0, 0.0, 0.0]"
1582762472870160212,,1213,,1582762470,2934932,"""snp""",,,[],0,"[0.0, 0.0, 0.0]"
1582762472881022970,,1214,,1582762470,2934932,"""snp""",,,[],0,"[0.0, 0.0, 0.0]"
1582762472891223225,,1215,,1582762470,2934932,"""snp""",,,[],0,"[0.0, 0.0, 0.0]"
1582762472901605870,,1216,,1582762470,2934932,"""snp""",,,[],0,"[0.0, 0.0, 0.0]"
1582762472911847161,,1217,,1582762470,2934932,"""snp""",,,[],0,"[0.0, 0.0, 0.0]"
1582762472922300817,,1218,,1582762470,2934932,"""snp""",,,[],0,"[0.0, 0.0, 0.0]"
1582762472932629022,,1219,,1582762470,2934932,"""snp""",,,[],0,"[0.0, 0.0, 0.0]"
1582762472942893247,,1220,,1582762470,2934932,"""snp""",,,[],0,"[0.0, 0.0, 0.0]"
1582762472953232224,,1221,,1582762470,2934932,"""snp""",,,[],0,"[0.0, 0.0, 0.0]"
1582762472963473749,,1222,,1582762470,2934932,"""snp""",,,[],0,"[0.0, 0.0, 0.0]"
1582762472973673219,,1223,,1582762470,2934932,"""snp""",,,[],0,"[0.0, 0.0, 0.0]"
1582762472984008407,,1224,,1582762470,2934932,"""snp""",,,[],0,"[0.0, 0.0, 0.0]"
1582762472994323189,,1225,,1582762470,2934932,"""snp""",,,[],0,"[0.0, 0.0, 0.0]"
1582762473004514064,,1226,,1582762470,2934932,"""snp""",,,[],0,"[0.0, 0.0, 0.0]"
1582762473014960079,,1227,,1582762470,2934932,"""snp""",,,[],0,"[0.0, 0.0, 0.0]"
1582762473025121035,,1228,,1582762470,2934932,"""snp""",,,[],0,"[0.0, 0.0, 0.0]"
1582762473035410298,,1229,,1582762470,2934932,"""snp""",,,[],0,"[0.0, 0.0, 0.0]"
1582762473045666633,,1230,,1582762470,2934932,"""snp""",,,[],0,"[0.0, 0.0, 0.0]"
1582762473055898092,,1231,,1582762470,2934932,"""snp""",,,[],0,"[0.0, 0.0, 0.0]"
1582762473066261363,,1232,,1582762470,2934932,"""snp""",,,[],0,"[0.0, 0.0, 0.0]"
1582762473076567190,,1233,,1582762470,2934932,"""snp""",,,[],0,"[0.0, 0.0, 0.0]"
1582762473086714759,,1234,,1582762470,2934932,"""snp""",,,[],0,"[0.0, 0.0, 0.0]"
1582762473097082111,,1235,,1582762470,2934932,"""snp""",,,[],0,"[0.0, 0.0, 0.0]"
1582762473107452707,,1236,,1582762470,2934932,"""snp""",,,[],0,"[0.0, 0.0, 0.0]"
1582762473117719904,,1237,,1582762470,2934932,"""snp""",,,[],0,"[0.0, 0.0, 0.0]"
1582762473127961804,,1238,,1582762470,2934932,"""snp""",,,[],0,"[0.0, 0.0, 0.0]"
1582762473138268603,,1239,,1582762470,2934932,"""snp""",,,[],0,"[0.0, 0.0, 0.0]"
1582762473148634413,,1240,,1582762470,2934932,"""snp""",,,[],0,"[0.0, 0.0, 0.0]"
1582762473158850109,,1241,,1582762470,2934932,"""snp""",,,[],0,"[0.0, 0.0, 0.0]"
1582762473169146117,,1242,,1582762470,2934932,"""snp""",,,[],0,"[0.0, 0.0, 0.0]"
1582762473179312518,,1243,,1582762470,2934932,"""snp""",,,[],0,"[0.0, 0.0, 0.0]"
1582762473189890986,,1244,,1582762470,2934932,"""snp""",,,[],0,"[0.0, 0.0, 0.0]"
1582762473200079010,,1245,,1582762470,2934932,"""snp""",,,[],0,"[0.0, 0.0, 0.0]"
1582762473209593626,,1246,,1582762470,2934932,"""snp""",,,[],0,"[0.0, 0.0, 0.0]"
1582762473219726949,,1247,,1582762470,2934932,"""snp""",,,[],0,"[0.0, 0.0, 0.0]"
1582762473229850417,,1248,,1582762470,2934932,"""snp""",,,[],0,"[0.0, 0.0, 0.0]"
1582762473239832368,,1249,,1582762470,2934932,"""snp""",,,[],0,"[0.0, 0.0, 0.0]"
1582762473250189631,,1250,,1582762470,2934932,"""snp""",,,[],0,"[0.0, 0.0, 0.0]"
1582762473260322650,,1251,,1582762470,2934932,"""snp""",,,[],0,"[0.0, 0.0, 0.0]"
1582762473270555200,,1252,,1582762470,2934932,"""snp""",,,[],0,"[0.0, 0.0, 0.0]"
1582762473280681947,,1253,,1582762470,2934932,"""snp""",,,[],0,"[0.0, 0.0, 0.0]"
1582762473290900795,,1254,,1582762470,2934932,"""snp""",,,[],0,"[0.0, 0.0, 0.0]"
1582762473301135013,,1255,,1582762470,2934932,"""snp""",,,[],0,"[0.0, 0.0, 0.0]"
1582762473311535458,,1256,,1582762470,2934932,"""snp""",,,[],0,"[0.0, 0.0, 0.0]"
1582762473322082683,,1257,,1582762470,2934932,"""snp""",,,[],0,"[0.0, 0.0, 0.0]"
1582762473332381118,,1258,,1582762470,2934932,"""snp""",,,[],0,"[0.0, 0.0, 0.0]"
1582762473342549593,,1259,,1582762470,2934932,"""snp""",,,[],0,"[0.0, 0.0, 0.0]"
1582762473352878078,,1260,,1582762470,2934932,"""snp""",,,[],0,"[0.0, 0.0, 0.0]"
1582762473362975035,,1261,,1582762470,2934932,"""snp""",,,[],0,"[0.0, 0.0, 0.0]"
1582762473373260317,,1262,,1582762470,2934932,"""snp""",,,[],0,"[0.0, 0.0, 0.0]"
1582762473383472474,,1263,,1582762470,2934932,"""snp""",,,[],0,"[0.0, 0.0, 0.0]"
1582762473393278267,,1264,,1582762470,2934932,"""snp""",,,[],0,"[0.0, 0.0, 0.0]"
1582762473403237461,,1265,,1582762470,2934932,"""snp""",,,[],0,"[0.0, 0.0, 0.0]"
1582762473413430047,,1266,,1582762470,2934932,"""snp""",,,[],0,"[0.0, 0.0, 0.0]"
1582762473423444712,,1267,,1582762470,2934932,"""snp""",,,[],0,"[0.0, 0.0, 0.0]"
1582762473433581187,,1268,,1582762470,2934932,"""snp""",,,[],0,"[0.0, 0.0, 0.0]"
1582762473443715149,,1269,,1582762470,2934932,"""snp""",,,[],0,"[0.0, 0.0, 0.0]"
1582762473453757183,,1270,,1582762470,2934932,"""snp""",,,[],0,"[0.0, 0.0, 0.0]"
1582762473464000983,,1271,,1582762470,2934932,"""snp""",,,[],0,"[0.0, 0.0, 0.0]"
1582762473474177284,,1272,,1582762470,2934932,"""snp""",,,[],0,"[0.0, 0.0, 0.0]"
1582762473484245920,,1273,,1582762470,2934932,"""snp""",,,[],0,"[0.0, 0.0, 0.0]"
1582762473494268056,,1274,,1582762470,2934932,"""snp""",,,[],0,"[0.0, 0.0, 0.0]"
1582762473504434987,,1275,,1582762470,2934932,"""snp""",,,[],0,"[0.0, 0.0, 0.0]"
1582762473514494458,,1276,,1582762470,2934932,"""snp""",,,[],0,"[0.0, 0.0, 0.0]"
1582762473524715724,,1277,,1582762470,2934932,"""snp""",,,[],0,"[0.0, 0.0, 0.0]"
1582762473534699447,,1278,,1582762470,2934932,"""snp""",,,[],0,"[0.0, 0.0, 0.0]"
1582762473544903094,,1279,,1582762470,2934932,"""snp""",,,[],0,"[0.0, 0.0, 0.0]"
1582762473554932986,,1280,,1582762470,2934932,"""snp""",,,[],0,"[0.0, 0.0, 0.0]"
1582762473565183974,,1281,,1582762470,2934932,"""snp""",,,[],0,"[0.0, 0.0, 0.0]"
1582762473575376793,,1282,,1582762470,2934932,"""snp""",,,[],0,"[0.0, 0.0, 0.0]"
1582762473585515812,,1283,,1582762470,2934932,"""snp""",,,[],0,"[0.0, 0.0, 0.0]"
1582762473595687032,,1284,,1582762470,2934932,"""snp""",,,[],0,"[0.0, 0.0, 0.0]"
1582762473605939927,,1285,,1582762470,2934932,"""snp""",,,[],0,"[0.0, 0.0, 0.0]"
1582762473616194156,,1286,,1582762470,2934932,"""snp""",,,[],0,"[0.0, 0.0, 0.0]"
1582762473626467536,,1287,,1582762470,2934932,"""snp""",,,[],0,"[0.0, 0.0, 0.0]"
1582762473636940150,,1288,,1582762470,2934932,"""snp""",,,[],0,"[0.0, 0.0, 0.0]"
1582762473647337397,,1289,,1582762470,2934932,"""snp""",,,[],0,"[0.0, 0.0, 0.0]"
1582762473657812509,,1290,,1582762470,2934932,"""snp""",,,[],0,"[0.0, 0.0, 0.0]"
1582762473668122264,,1291,,1582762470,2934932,"""snp""",,,[],0,"[0.0, 0.0, 0.0]"
1582762473678416859,,1292,,1582762470,2934932,"""snp""",,,[],0,"[0.0, 0.0, 0.0]"
1582762473688768246,,1293,,1582762470,2934932,"""snp""",,,[],0,"[0.0, 0.0, 0.0]"
1582762473698986670,,1294,,1582762470,2934932,"""snp""",,,[],0,"[0.0, 0.0, 0.0]"
1582762473709281182,,1295,,1582762470,2934932,"""snp""",,,[],0,"[0.0, 0.0, 0.0]"
1582762473719568295,,1296,,1582762470,2934932,"""snp""",,,[],0,"[0.0, 0.0, 0.0]"
1582762473729688343,,1297,,1582762470,2934932,"""snp""",,,[],0,"[0.0, 0.0, 0.0]"
1582762473740138118,,1298,,1582762470,2934932,"""snp""",,,[],0,"[0.0, 0.0, 0.0]"
1582762473750443113,,1299,,1582762470,2934932,"""snp""",,,[],0,"[0.0, 0.0, 0.0]"
1582762473760818225,,1300,,1582762470,2934932,"""snp""",,,[],0,"[0.0, 0.0, 0.0]"
1582762473771070359,,1301,,1582762470,2934932,"""snp""",,,[],0,"[0.0, 0.0, 0.0]"
1582762473781455273,,1302,,1582762470,2934932,"""snp""",,,[],0,"[0.0, 0.0, 0.0]"
1582762473791675820,,1303,,1582762470,2934932,"""snp""",,,[],0,"[0.0, 0.0, 0.0]"
1582762473801791023,,1304,,1582762470,2934932,"""snp""",,,[],0,"[0.0, 0.0, 0.0]"
1582762473812025153,,1305,,1582762470,2934932,"""snp""",,,[],0,"[0.0, 0.0, 0.0]"
1582762473822308786,,1306,,1582762470,2934932,"""snp""",,,[],0,"[0.0, 0.0, 0.0]"
1582762473832072057,,1307,,1582762470,2934932,"""snp""",,,[],0,"[0.0, 0.0, 0.0]"
1582762473842277497,,1308,,1582762470,2934932,"""snp""",,,[],0,"[0.0, 0.0, 0.0]"
1582762473852141119,,1309,,1582762470,2934932,"""snp""",,,[],0,"[0.0, 0.0, 0.0]"
1582762473862351842,,1310,,1582762470,2934932,"""snp""",,,[],0,"[0.0, 0.0, 0.0]"
1582762473872550773,,1311,,1582762470,2934932,"""snp""",,,[],0,"[0.0, 0.0, 0.0]"
1582762473882606932,,1312,,1582762470,2934932,"""snp""",,,[],0,"[0.0, 0.0, 0.0]"
1582762473892799305,,1313,,1582762470,2934932,"""snp""",,,[],0,"[0.0, 0.0, 0.0]"
1582762473902919388,,1314,,1582762470,2934932,"""snp""",,,[],0,"[0.0, 0.0, 0.0]"
1582762473912913389,,1315,,1582762470,2934932,"""snp""",,,[],0,"[0.0, 0.0, 0.0]"
1582762473923916555,,1316,,1582762470,2934932,"""snp""",,,[],0,"[0.0, 0.0, 0.0]"
1582762473934207066,,1317,,1582762470,2934932,"""snp""",,,[],0,"[0.0, 0.0, 0.0]"
1582762473944491535,,1318,,1582762470,2934932,"""snp""",,,[],0,"[0.0, 0.0, 0.0]"
1582762473954384253,,1319,,1582762470,2934932,"""snp""",,,[],0,"[0.0, 0.0, 0.0]"
1582762473965172227,,1320,,1582762470,2934932,"""snp""",,,[],0,"[0.0, 0.0, 0.0]"
1582762473975419542,,1321,,1582762470,2934932,"""snp""",,,[],0,"[0.0, 0.0, 0.0]"
1582762473985645744,,1322,,1582762470,2934932,"""snp""",,,[],0,"[0.0, 0.0, 0.0]"
1582762473995985058,,1323,,1582762470,2934932,"""snp""",,,[],0,"[0.0, 0.0, 0.0]"
1582762474005903018,,1324,,1582762470,2934932,"""snp""",,,[],0,"[0.0, 0.0, 0.0]"
